-- MariaDB dump 10.19-11.3.2-MariaDB, for Linux (x86_64)
-- ------------------------------------------------------
-- Sample data set collected when looking for
--- offer meeting following criteria:
-- SEARCH_TERM="Tester"
-- SEARCH_EMPLOYMENT_TYPE="full_time"
-- SEARCH_LOCATION="Warszawa"
-- search radius 10 km


INSERT INTO `company` VALUES
(37,'KPMG','','','','https://pracodawcy.pracuj.pl/company/37'),
(519,'Leroy Merlin Polska Sp. z o.o.','','','','https://pracodawcy.pracuj.pl/company/519'),
(967,'Polpharma S.A.','','','','https://pracodawcy.pracuj.pl/company/967'),
(3339533,'Bank Millennium S.A.','','','','https://pracodawcy.pracuj.pl/company/3339533'),
(5070943,'Medicover','','','','https://pracodawcy.pracuj.pl/company/5070943'),
(8566501,'Generali','','','','https://pracodawcy.pracuj.pl/company/8566501'),
(9863592,'ILS Sp. z o.o.','','','','https://pracodawcy.pracuj.pl/company/9863592'),
(9965527,'Bank Ochrony Środowiska S.A.','','','','https://pracodawcy.pracuj.pl/company/9965527'),
(11665813,'RTV EURO AGD','','','','https://pracodawcy.pracuj.pl/company/11665813'),
(12838313,'Eracent sp. z o.o.','','','','https://pracodawcy.pracuj.pl/company/12838313'),
(13894778,'ERGO Technology & Services S.A.','','','','https://pracodawcy.pracuj.pl/company/13894778'),
(15713211,'Robert Bosch Sp. z o.o.','','','','https://pracodawcy.pracuj.pl/company/15713211'),
(15733901,'Orbico Sp. z o.o.','','','','https://pracodawcy.pracuj.pl/company/15733901'),
(15853245,'Fiserv Polska S.A.','','','','https://pracodawcy.pracuj.pl/company/15853245'),
(15983330,'Budimex SA','','','','https://pracodawcy.pracuj.pl/company/15983330'),
(16068023,'eService Sp. z o.o.','','','','https://pracodawcy.pracuj.pl/company/16068023'),
(16659024,'BMS sp. z o.o.','','','','https://pracodawcy.pracuj.pl/company/16659024'),
(17843210,'7N Sp. z o.o.','','','','https://pracodawcy.pracuj.pl/company/17843210'),
(18217196,'mBank','','','','https://pracodawcy.pracuj.pl/company/18217196'),
(18796680,'GRUPA PZU','','','','https://pracodawcy.pracuj.pl/company/18796680'),
(18797102,'Ruch S.A.','','','','https://pracodawcy.pracuj.pl/company/18797102'),
(18797220,'Asseco Poland S.A.','','','','https://pracodawcy.pracuj.pl/company/18797220'),
(18797224,'ING Bank Śląski S.A.','','','','https://pracodawcy.pracuj.pl/company/18797224'),
(18797776,'Samsung R&D Institute Poland','','','','https://pracodawcy.pracuj.pl/company/18797776'),
(18797837,'Benefia Ubezpieczenia Sp. z o.o.','','','','https://pracodawcy.pracuj.pl/company/18797837'),
(18798565,'ITBoom Sp. z o.o.','','','','https://pracodawcy.pracuj.pl/company/18798565'),
(18798869,'Efinity Sp. z o.o.','','','','https://pracodawcy.pracuj.pl/company/18798869'),
(18799000,'Adtran','','','','https://pracodawcy.pracuj.pl/company/18799000'),
(18799068,'Testronic Sp. z o.o.','','','','https://pracodawcy.pracuj.pl/company/18799068'),
(18799528,'Euronet Polska','','','','https://pracodawcy.pracuj.pl/company/18799528'),
(18799808,'Benefit Systems S.A.','','','','https://pracodawcy.pracuj.pl/company/18799808'),
(18800189,'EXATEL','','','','https://pracodawcy.pracuj.pl/company/18800189'),
(18800547,'CUSHMAN & WAKEFIELD','','','','https://pracodawcy.pracuj.pl/company/18800547'),
(18801621,'Michael Page','','','','https://pracodawcy.pracuj.pl/company/18801621'),
(18802016,'Devire','','','','https://pracodawcy.pracuj.pl/company/18802016'),
(18802787,'Centrum Medyczne ENEL-MED S.A.','','','','https://pracodawcy.pracuj.pl/company/18802787'),
(18803855,'LUX MED Sp. z o.o.','','','','https://pracodawcy.pracuj.pl/company/18803855'),
(20000761,'Sii Sp. z o.o.','','','','https://pracodawcy.pracuj.pl/company/20000761'),
(20000986,'Britenet Sp. z o.o.','','','','https://pracodawcy.pracuj.pl/company/20000986'),
(20001228,'PwC','','','','https://pracodawcy.pracuj.pl/company/20001228'),
(20002450,'CodeTwo','','','','https://pracodawcy.pracuj.pl/company/20002450'),
(20002894,'Asseco Business Solutions S.A.','','','','https://pracodawcy.pracuj.pl/company/20002894'),
(20004081,'SIMPLE S.A.','','','','https://pracodawcy.pracuj.pl/company/20004081'),
(20005393,'EY (dawniej Ernst & Young)','','','','https://pracodawcy.pracuj.pl/company/20005393'),
(20005890,'Cyclad','','','','https://pracodawcy.pracuj.pl/company/20005890'),
(20005954,'Zjednoczone Przedsiębiorstwa Rozrywkowe S.A.','','','','https://pracodawcy.pracuj.pl/company/20005954'),
(20006157,'Boldare','','','','https://pracodawcy.pracuj.pl/company/20006157'),
(20006211,'KIR S.A.','','','','https://pracodawcy.pracuj.pl/company/20006211'),
(20006857,'ASTEK Polska','','','','https://pracodawcy.pracuj.pl/company/20006857'),
(20006949,'Orange Polska','','','','https://pracodawcy.pracuj.pl/company/20006949'),
(20007649,'Connectis_','','','','https://pracodawcy.pracuj.pl/company/20007649'),
(20008108,'Hays Poland','','','','https://pracodawcy.pracuj.pl/company/20008108'),
(20008533,'T-Mobile','','','','https://pracodawcy.pracuj.pl/company/20008533'),
(20011564,'NASK','','','','https://pracodawcy.pracuj.pl/company/20011564'),
(20011599,'ALIOR BANK','','','','https://pracodawcy.pracuj.pl/company/20011599'),
(20012570,'Nexio Management Sp. z o.o.','','','','https://pracodawcy.pracuj.pl/company/20012570'),
(20013748,'ARC Consulting Group sp. z o.o. sp.k.','','','','https://pracodawcy.pracuj.pl/company/20013748'),
(20015607,'PKP Intercity S.A.','','','','https://pracodawcy.pracuj.pl/company/20015607'),
(20017554,'Profitroom S.A.','','','','https://pracodawcy.pracuj.pl/company/20017554'),
(20022606,'Pentacomp','','','','https://pracodawcy.pracuj.pl/company/20022606'),
(20048200,'Instytut Ochrony Środowiska - Państwowy Instytut Badawczy','','','','https://pracodawcy.pracuj.pl/company/20048200'),
(20048244,'TeamQuest','','','','https://pracodawcy.pracuj.pl/company/20048244'),
(20048614,'Scalo Sp. z o.o.','','','','https://pracodawcy.pracuj.pl/company/20048614'),
(20050885,'ITIS Sp. z o.o.','','','','https://pracodawcy.pracuj.pl/company/20050885'),
(20052552,'Centrum e-Zdrowia','','','','https://pracodawcy.pracuj.pl/company/20052552'),
(20055171,'STX Next S.A.','','','','https://pracodawcy.pracuj.pl/company/20055171'),
(20062259,'ALTEN Polska','','','','https://pracodawcy.pracuj.pl/company/20062259'),
(20066298,'Mindbox S.A.','','','','https://pracodawcy.pracuj.pl/company/20066298'),
(20068387,'PIT-RADWAR S.A.','','','','https://pracodawcy.pracuj.pl/company/20068387'),
(20071874,'Atos Poland Global Services Sp. z o.o.','','','','https://pracodawcy.pracuj.pl/company/20071874'),
(20075940,'J-LABS sp. z o.o.','','','','https://pracodawcy.pracuj.pl/company/20075940'),
(20080713,'Centralny Ośrodek Informatyki','','','','https://pracodawcy.pracuj.pl/company/20080713'),
(20082208,'Allegro','','','','https://pracodawcy.pracuj.pl/company/20082208'),
(20083072,'Novaris Sp. z o.o.','','','','https://pracodawcy.pracuj.pl/company/20083072'),
(20085566,'Team Connect Sp. z o.o.','','','','https://pracodawcy.pracuj.pl/company/20085566'),
(20086028,'USP Zdrowie','','','','https://pracodawcy.pracuj.pl/company/20086028'),
(20088799,'Jit Team sp. z o.o.','','','','https://pracodawcy.pracuj.pl/company/20088799'),
(20090908,'Craftware Sp. z o.o.','','','','https://pracodawcy.pracuj.pl/company/20090908'),
(20093617,'Arche Consulting Sp z o.o.','','','','https://pracodawcy.pracuj.pl/company/20093617'),
(20097238,'Zone IT Sp. z o.o.','','','','https://pracodawcy.pracuj.pl/company/20097238'),
(20109980,'ITFS sp. z o.o.','','','','https://pracodawcy.pracuj.pl/company/20109980'),
(20114475,'VeloBank S.A.','','','','https://pracodawcy.pracuj.pl/company/20114475'),
(20120282,'PGE Systemy S.A.','','','','https://pracodawcy.pracuj.pl/company/20120282'),
(20127199,'CENTRUM KART S A','','','','https://pracodawcy.pracuj.pl/company/20127199'),
(20128152,'BlueVendo S.A.','','','','https://pracodawcy.pracuj.pl/company/20128152'),
(20143886,'Experis','','','','https://pracodawcy.pracuj.pl/company/20143886'),
(20144667,'COGNIZANT','','','','https://pracodawcy.pracuj.pl/company/20144667'),
(20148896,'mTab sp. z o.o.','','','','https://pracodawcy.pracuj.pl/company/20148896'),
(20151789,'Harvey Nash Technology Sp. z o.o.','','','','https://pracodawcy.pracuj.pl/company/20151789'),
(20159835,'Proexe Sp. z o.o.','','','','https://pracodawcy.pracuj.pl/company/20159835'),
(20180967,'Codibly','','','','https://pracodawcy.pracuj.pl/company/20180967'),
(20181203,'Trimetis Services Sp. z o.o.','','','','https://pracodawcy.pracuj.pl/company/20181203'),
(20182180,'Profit Network Sp. z o.o.','','','','https://pracodawcy.pracuj.pl/company/20182180'),
(20191286,'SOFTWARELY SP. Z O.O.','','','','https://pracodawcy.pracuj.pl/company/20191286'),
(20191975,'Transportowy Dozór Techniczny','','','','https://pracodawcy.pracuj.pl/company/20191975'),
(20192785,'Neontri','','','','https://pracodawcy.pracuj.pl/company/20192785'),
(20196799,'Apilia Marciniak-Parchimowicz Sp. J.','','','','https://pracodawcy.pracuj.pl/company/20196799'),
(20196842,'KMD Poland Sp. z o.o.','','','','https://pracodawcy.pracuj.pl/company/20196842'),
(20197100,'Ework Group','','','','https://pracodawcy.pracuj.pl/company/20197100'),
(20198587,'CPI Poland Sp. z o.o.','','','','https://pracodawcy.pracuj.pl/company/20198587'),
(20203737,'ONWELO Sp. z o.o.','','','','https://pracodawcy.pracuj.pl/company/20203737'),
(20212327,'ASSECO DATA SYSTEMS S.A.','','','','https://pracodawcy.pracuj.pl/company/20212327'),
(20251500,'1dea Kośnik Sp. k.','','','','https://pracodawcy.pracuj.pl/company/20251500'),
(20251580,'XPERI Poland','','','','https://pracodawcy.pracuj.pl/company/20251580'),
(20252032,'IT TOUCH Sp. z o.o.','','','','https://pracodawcy.pracuj.pl/company/20252032'),
(20253912,'Link Group Sp. z o.o.','','','','https://pracodawcy.pracuj.pl/company/20253912'),
(20255966,'JellyTech','','','','https://pracodawcy.pracuj.pl/company/20255966'),
(20257027,'APLIKACJE KRYTYCZNE sp. z o.o.','','','','https://pracodawcy.pracuj.pl/company/20257027'),
(20261550,'BCF Software Sp. z o.o.','','','','https://pracodawcy.pracuj.pl/company/20261550'),
(20268957,'Coffee Mug','','','','https://pracodawcy.pracuj.pl/company/20268957'),
(20270956,'ITDS Polska Sp. z o.o.','','','','https://pracodawcy.pracuj.pl/company/20270956'),
(20272150,'SORIGO Sp. z o.o.','','','','https://pracodawcy.pracuj.pl/company/20272150'),
(20294386,'CENTRUM INFORMATYKI RESORTU FINANSÓW','','','','https://pracodawcy.pracuj.pl/company/20294386'),
(20299253,'Finitec Sp. Z o.o.','','','','https://pracodawcy.pracuj.pl/company/20299253'),
(20304703,'WINGED IT SP Z O O','','','','https://pracodawcy.pracuj.pl/company/20304703'),
(20307029,'SOITRON SPÓŁKA Z O.O.','','','','https://pracodawcy.pracuj.pl/company/20307029'),
(20308660,'Polska Grupa Lotnicza','','','','https://pracodawcy.pracuj.pl/company/20308660'),
(20311197,'Accenture Intelligent Consulting Hub Europe','','','','https://pracodawcy.pracuj.pl/company/20311197'),
(20313095,'Intelight Sp. z o.o.','','','','https://pracodawcy.pracuj.pl/company/20313095'),
(20372204,'SIM FACTOR Sp. z o.o.','','','','https://pracodawcy.pracuj.pl/company/20372204'),
(20373336,'Siemens Healthcare Sp. z o.o.','','','','https://pracodawcy.pracuj.pl/company/20373336'),
(20387566,'Prosoma','','','','https://pracodawcy.pracuj.pl/company/20387566'),
(20397410,'ARDURA Consulting','','','','https://pracodawcy.pracuj.pl/company/20397410'),
(20397440,'B3 CONSULTING POLAND sp. z o.o.','','','','https://pracodawcy.pracuj.pl/company/20397440'),
(20401776,'DHI POLSKA sp. z o.o.','','','','https://pracodawcy.pracuj.pl/company/20401776'),
(20403223,'BEC Poland','','','','https://pracodawcy.pracuj.pl/company/20403223'),
(20426567,'SHIMI sp. z o.o.','','','','https://pracodawcy.pracuj.pl/company/20426567'),
(1074015835,'Catalogic Software','','','','https://pracodawcy.pracuj.pl/company/1074015835'),
(1074022574,'BRAND TECHNOLOGY PAWEŁ CZARTORYSKI','','','','https://pracodawcy.pracuj.pl/company/1074022574'),
(1074025541,'PYSENSE sp. z o.o.','','','','https://pracodawcy.pracuj.pl/company/1074025541'),
(1074028924,'Daikin Europe Business Support (DEBS)','','','','https://pracodawcy.pracuj.pl/company/1074028924'),
(1074032335,'CRESTT sp. z o.o.','','','','https://pracodawcy.pracuj.pl/company/1074032335'),
(1074040330,'Plenti S.A.','','','','https://pracodawcy.pracuj.pl/company/1074040330'),
(1074048667,'EXPINIT & KAMELAK SPÓŁKA JAWNA','','','','https://pracodawcy.pracuj.pl/company/1074048667'),
(1074051394,'ORNSSON SOLUTIONS','','','','https://pracodawcy.pracuj.pl/company/1074051394'),
(1074051922,'NESS SOLUTION sp. z o.o.','','','','https://pracodawcy.pracuj.pl/company/1074051922'),
(1074054190,'3MIND SOLUTIONS sp. z o.o.','','','','https://pracodawcy.pracuj.pl/company/1074054190'),
(1074061445,'Be in IT','','','','https://pracodawcy.pracuj.pl/company/1074061445'),
(1074061985,'4 The Player','','','','https://pracodawcy.pracuj.pl/company/1074061985'),
(1074063020,'XBERRY sp. z o.o.','','','','https://pracodawcy.pracuj.pl/company/1074063020'),
(1074074513,'Prime Engineering Poland','','','','https://pracodawcy.pracuj.pl/company/1074074513'),
(1074083241,'JSDSOLUTIONS SPÓŁKA Z OGRANICZONĄ ODPOWIEDZIALNOŚCIĄ','','','','https://pracodawcy.pracuj.pl/company/1074083241'),
(1074084067,'Transition Technologies–Systems Sp. z o. o.','','','','https://pracodawcy.pracuj.pl/company/1074084067'),
(1074086639,'VOLT TECHNOLOGIES sp. z o.o.','','','','https://pracodawcy.pracuj.pl/company/1074086639'),
(1074087191,'EndySoft','','','','https://pracodawcy.pracuj.pl/company/1074087191'),
(1074098004,'BLAZITY sp. z o.o.','','','','https://pracodawcy.pracuj.pl/company/1074098004'),
(1074122419,'SIMPLELOGIC sp. z o.o.','','','','https://pracodawcy.pracuj.pl/company/1074122419'),
(1074134979,'IT SOLUTIONS sp. z o.o.','','','','https://pracodawcy.pracuj.pl/company/1074134979'),
(1074141755,'Wazdan Services Limited Sp. z o.o.','','','','https://pracodawcy.pracuj.pl/company/1074141755'),
(1074142656,'HN EXPERTS sp. z o.o.','','','','https://pracodawcy.pracuj.pl/company/1074142656'),
(1074148163,'emagine sp. z o.o.','','','','https://pracodawcy.pracuj.pl/company/1074148163'),
(1074155154,'QUALITYARK SPÓŁKA Z OGRANICZONĄ ODPOWIEDZIALNOŚCIĄ','','','','https://pracodawcy.pracuj.pl/company/1074155154'),
(1074157434,'RANDLAB SOFTWARE sp. z o.o.','','','','https://pracodawcy.pracuj.pl/company/1074157434'),
(1074158914,'DARWINAPPS sp. z o.o.','','','','https://pracodawcy.pracuj.pl/company/1074158914');


INSERT INTO `joboffer` VALUES
(10535652,20109980,'DWH Tester','2024-03-25 00:00:00','2024-03-26 20:15:40','Pełny etat','','Specjalista (Mid / Regular), Starszy specjalista (Senior)','160–190 zł netto (+ VAT) / godz.','https://www.pracuj.pl/praca/dwh-tester-wegry,oferta,10535652?s=1d2c2faa&searchId=MTcxMTQ4NDExNTUzNi43MDYz'),
(1003173113,1074015835,'QA Engineer (Manual Tester)','2024-03-23 00:00:00','2024-03-26 20:15:57','Pełny etat','','Specjalista (Mid / Regular)','','https://www.pracuj.pl/praca/qa-engineer-manual-tester-warszawa-aleje-jerozolimskie-132,oferta,1003173113?s=1d2c2faa&searchId=MTcxMTQ4NDExNTUzNi43MDYz'),
(1003173147,1074015835,'Test Automation Engineer (QA)','2024-03-23 00:00:00','2024-03-26 20:15:57','Pełny etat','','Specjalista (Mid / Regular)','','https://www.pracuj.pl/praca/test-automation-engineer-qa-warszawa-aleje-jerozolimskie-132,oferta,1003173147?s=1d2c2faa&searchId=MTcxMTQ4NDExNTUzNi43MDYz'),
(1003173535,20000986,'Tester Automatyzujący - Java','2024-03-11 00:00:00','2024-03-26 20:16:17','Pełny etat','','Starszy specjalista (Senior)','','https://www.pracuj.pl/praca/tester-automatyzujacy-java-warszawa,oferta,1003173535?s=1d2c2faa&searchId=MTcxMTQ4NDExNTUzNi43MDYz'),
(1003173939,20068387,'Projektant - inżynier testów LabView','2024-03-22 00:00:00','2024-03-26 20:16:11','Pełny etat','','Specjalista (Mid / Regular), Starszy specjalista (Senior)','','https://www.pracuj.pl/praca/projektant-inzynier-testow-labview-warszawa-poligonowa-30,oferta,1003173939?s=1d2c2faa&searchId=MTcxMTQ4NDExNTUzNi43MDYz'),
(1003174604,20011599,'Business and System Analyst','2024-03-12 00:00:00','2024-03-26 20:16:17','Pełny etat','','Specjalista (Mid / Regular)','','https://www.pracuj.pl/praca/business-and-system-analyst-warszawa-lopuszanska-38c,oferta,1003174604?s=1d2c2faa&searchId=MTcxMTQ4NDExNTUzNi43MDYz'),
(1003174842,1074134979,'Junior Quality Assurance Engineer','2024-03-24 00:00:00','2024-03-26 20:15:55','Pełny etat','','Młodszy specjalista (Junior)','','https://www.pracuj.pl/praca/junior-quality-assurance-engineer-warszawa-chlodna-51,oferta,1003174842?s=1d2c2faa&searchId=MTcxMTQ4NDExNTUzNi43MDYz'),
(1003175094,9965527,'Menedżer Zespołu Testów Aplikacji IT','2024-03-11 00:00:00','2024-03-26 20:16:17','Pełny etat','','Menedżer','','https://www.pracuj.pl/praca/menedzer-zespolu-testow-aplikacji-it-warszawa,oferta,1003175094?s=1d2c2faa&searchId=MTcxMTQ4NDExNTUzNi43MDYz'),
(1003175724,20012570,'Architekt systemów OSS (Telekomunikacja)','2024-03-04 00:00:00','2024-03-26 20:16:20','Pełny etat','','Starszy specjalista (Senior), Ekspert','210–240 zł netto (+ VAT) / godz.','https://www.pracuj.pl/praca/architekt-systemow-oss-telekomunikacja-warszawa,oferta,1003175724?s=1d2c2faa&searchId=MTcxMTQ4NDExNTUzNi43MDYz'),
(1003176257,1074022574,'PHP Developer','2024-03-25 00:00:00','2024-03-26 20:15:52','Pełny etat, Część etatu, Dodatkowa / tymczasowa','','Specjalista (Mid / Regular), Starszy specjalista (Senior)','8 000–12 800 zł netto (+ VAT) / mies.',''),
(1003177551,20007649,'Tester Automatyzujący (Java)','2024-03-26 00:00:00','2024-03-26 20:15:31','Pełny etat','','Starszy specjalista (Senior)','15 000–18 000 zł netto (+ VAT) / mies.','https://www.pracuj.pl/praca/tester-automatyzujacy-java-warszawa,oferta,1003177551?s=1d2c2faa&searchId=MTcxMTQ4NDExNTUzNi43MDYz'),
(1003177571,20007649,'Tester automatyzujący (Java)','2024-03-26 00:00:00','2024-03-26 20:15:31','Pełny etat','','Starszy specjalista (Senior)','23 000–28 500 zł netto (+ VAT) / mies.','https://www.pracuj.pl/praca/tester-automatyzujacy-java-warszawa,oferta,1003177571?s=1d2c2faa&searchId=MTcxMTQ4NDExNTUzNi43MDYz'),
(1003177604,20007649,'Tester Manualny','2024-03-26 00:00:00','2024-03-26 20:15:30','Pełny etat','','Specjalista (Mid / Regular)','10 000–14 000 zł netto (+ VAT) / mies.','https://www.pracuj.pl/praca/tester-manualny-warszawa,oferta,1003177604?s=1d2c2faa&searchId=MTcxMTQ4NDExNTUzNi43MDYz'),
(1003177716,15983330,'Główny specjalista ds. procesów IT (m/k)','2024-03-23 00:00:00','2024-03-26 20:16:06','Pełny etat','','Specjalista (Mid / Regular)','','https://www.pracuj.pl/praca/glowny-specjalista-ds-procesow-it-m-k-warszawa,oferta,1003177716?s=1d2c2faa&searchId=MTcxMTQ4NDExNTUzNi43MDYz'),
(1003179373,20085566,'Tester Manualny','2024-03-26 00:00:00','2024-03-26 20:15:35','Pełny etat','','Specjalista (Mid / Regular), Starszy specjalista (Senior)','10 000–13 500 zł netto (+ VAT) / mies.','https://www.pracuj.pl/praca/tester-manualny-warszawa,oferta,1003179373?s=1d2c2faa&searchId=MTcxMTQ4NDExNTUzNi43MDYz'),
(1003180261,20000761,'Analityk systemowy – sektor kredytowy','2024-03-24 00:00:00','2024-03-26 20:15:54','Pełny etat','','Specjalista (Mid / Regular), Starszy specjalista (Senior)','',''),
(1003180361,1074028924,'HRIS Project Manager','2024-03-13 00:00:00','2024-03-26 20:16:16','Pełny etat','','Starszy specjalista (Senior), Ekspert','','https://www.pracuj.pl/praca/hris-project-manager-warszawa-tasmowa-7,oferta,1003180361?s=1d2c2faa&searchId=MTcxMTQ4NDExNTUzNi43MDYz'),
(1003180458,20313095,'Junior project manager','2024-03-13 00:00:00','2024-03-26 20:16:16','Pełny etat','','Młodszy specjalista (Junior)','','https://www.pracuj.pl/praca/junior-project-manager-warszawa-gwiazdzista-19,oferta,1003180458?s=1d2c2faa&searchId=MTcxMTQ4NDExNTUzNi43MDYz'),
(1003180491,20255966,'Tester','2024-03-26 00:00:00','2024-03-26 20:15:28','Pełny etat','','Specjalista (Mid / Regular), Starszy specjalista (Senior)','14 000–20 000 zł netto (+ VAT) / mies.','https://www.pracuj.pl/praca/tester-warszawa-encyklopedyczna-2a,oferta,1003180491?s=1d2c2faa&searchId=MTcxMTQ4NDExNTUzNi43MDYz'),
(1003180638,967,'Młodszy Specjalista ds. Integracji Danych','2024-03-13 00:00:00','2024-03-26 20:16:16','Pełny etat','','Młodszy specjalista (Junior)','','https://www.pracuj.pl/praca/mlodszy-specjalista-ds-integracji-danych-warszawa,oferta,1003180638?s=1d2c2faa&searchId=MTcxMTQ4NDExNTUzNi43MDYz'),
(1003180663,20397440,'QA Engineer','2024-03-13 00:00:00','2024-03-26 20:16:15','Pełny etat','','Specjalista (Mid / Regular)','','https://www.pracuj.pl/praca/qa-engineer-warszawa-aleje-jerozolimskie-44,oferta,1003180663?s=1d2c2faa&searchId=MTcxMTQ4NDExNTUzNi43MDYz'),
(1003180805,1074148163,'Senior Tester Manualny','2024-03-24 00:00:00','2024-03-26 20:15:54','Pełny etat','','Starszy specjalista (Senior)','120 zł netto (+ VAT) / godz.','https://www.pracuj.pl/praca/senior-tester-manualny-warszawa-domaniewska-39a,oferta,1003180805?s=1d2c2faa&searchId=MTcxMTQ4NDExNTUzNi43MDYz'),
(1003180944,1074141755,'Game Art Project Lead','2024-03-24 00:00:00','2024-03-26 20:15:53','Pełny etat','','Kierownik / Koordynator, Menedżer','','https://www.pracuj.pl/praca/game-art-project-lead-opole-technologiczna-4,oferta,1003180944?s=1d2c2faa&searchId=MTcxMTQ4NDExNTUzNi43MDYz'),
(1003183092,20308660,'Tester automatyzujący','2024-03-20 00:00:00','2024-03-26 20:16:13','Pełny etat','','Specjalista (Mid / Regular), Starszy specjalista (Senior)','','https://www.pracuj.pl/praca/tester-automatyzujacy-warszawa-komitetu-obrony-robotnikow-43,oferta,1003183092?s=1d2c2faa&searchId=MTcxMTQ4NDExNTUzNi43MDYz'),
(1003183440,18217196,'Specjalistka / Specjalista ds. zarządzania jakością danych','2024-03-25 00:00:00','2024-03-26 20:15:46','Pełny etat','','Specjalista (Mid / Regular), Starszy specjalista (Senior)','','https://www.pracuj.pl/praca/specjalistka-specjalista-ds-zarzadzania-jakoscia-danych-warszawa,oferta,1003183440?s=1d2c2faa&searchId=MTcxMTQ4NDExNTUzNi43MDYz'),
(1003183667,20012570,'Security Specialist/Pentester','2024-03-07 00:00:00','2024-03-26 20:16:20','Pełny etat, Część etatu','','Specjalista (Mid / Regular), Starszy specjalista (Senior)','','https://www.pracuj.pl/praca/security-specialist-pentester-warszawa-pulawska-182,oferta,1003183667?s=1d2c2faa&searchId=MTcxMTQ4NDExNTUzNi43MDYz'),
(1003183971,1074148163,'Quality Assurance Engineer','2024-03-25 00:00:00','2024-03-26 20:15:44','Pełny etat','','Specjalista (Mid / Regular)','135 zł netto (+ VAT) / godz.','https://www.pracuj.pl/praca/quality-assurance-engineer-warszawa,oferta,1003183971?s=1d2c2faa&searchId=MTcxMTQ4NDExNTUzNi43MDYz'),
(1003184373,1074155154,'Tester Oprogramowania Web / Mobile 5+','2024-03-26 00:00:00','2024-03-26 20:15:37','Pełny etat','','Starszy specjalista (Senior)','13 600–16 000 zł netto (+ VAT) / mies.','https://www.pracuj.pl/praca/tester-oprogramowania-web-mobile-5%2b-warszawa,oferta,1003184373?s=1d2c2faa&searchId=MTcxMTQ4NDExNTUzNi43MDYz'),
(1003185724,8566501,'Business-System Analyst','2024-03-26 00:00:00','2024-03-26 20:15:30','Pełny etat','','Specjalista (Mid / Regular), Starszy specjalista (Senior)','','https://www.pracuj.pl/praca/business-system-analyst-warszawa-senatorska-18,oferta,1003185724?s=1d2c2faa&searchId=MTcxMTQ4NDExNTUzNi43MDYz'),
(1003185906,18799808,'Specjalista / Specjalistka ds. Optymalizacji Procesów w obszarze obsługi klienta','2024-03-26 00:00:00','2024-03-26 20:15:30','Pełny etat','','Specjalista (Mid / Regular), Starszy specjalista (Senior)','','https://www.pracuj.pl/praca/specjalista-specjalistka-ds-optymalizacji-procesow-w-obszarze-obslugi-klienta-warszawa-plac-europejski-2,oferta,1003185906?s=1d2c2faa&searchId=MTcxMTQ4NDExNTUzNi43MDYz'),
(1003185945,20005954,'Młodszy Tester Oprogramowania','2024-03-08 00:00:00','2024-03-26 20:16:20','Pełny etat','','Młodszy specjalista (Junior)','','https://www.pracuj.pl/praca/mlodszy-tester-oprogramowania-warszawa-stanislawa-zolkiewskiego-44,oferta,1003185945?s=1d2c2faa&searchId=MTcxMTQ4NDExNTUzNi43MDYz'),
(1003186176,16659024,'Software Tester','2024-03-26 00:00:00','2024-03-26 20:15:27','Pełny etat','','Specjalista (Mid / Regular)','','https://www.pracuj.pl/praca/software-tester-warszawa-aleja-slowianska-10b,oferta,1003186176?s=1d2c2faa&searchId=MTcxMTQ4NDExNTUzNi43MDYz'),
(1003186833,18800547,'Analityk Automatyzacji Procesów Biznesowych','2024-03-26 00:00:00','2024-03-26 20:15:25','Pełny etat','','Specjalista (Mid / Regular)','','https://www.pracuj.pl/praca/analityk-automatyzacji-procesow-biznesowych-warszawa,oferta,1003186833?s=1d2c2faa&searchId=MTcxMTQ4NDExNTUzNi43MDYz'),
(1003186903,1074074513,'Tester Wydajnościowy','2024-03-24 00:00:00','2024-03-26 20:15:53','Pełny etat','','Starszy specjalista (Senior)','','https://www.pracuj.pl/praca/tester-wydajnosciowy-warszawa,oferta,1003186903?s=1d2c2faa&searchId=MTcxMTQ4NDExNTUzNi43MDYz'),
(1003188132,1074087191,'Mid Automation Tester','2024-03-26 00:00:00','2024-03-26 20:15:23','Pełny etat','','Specjalista (Mid / Regular)','16 000–21 000 zł netto (+ VAT) / mies.','https://www.pracuj.pl/praca/mid-automation-tester-warszawa,oferta,1003188132?s=1d2c2faa&searchId=MTcxMTQ4NDExNTUzNi43MDYz'),
(1003188197,20372204,'Junior Tester','2024-03-18 00:00:00','2024-03-26 20:16:15','Pełny etat','','Młodszy specjalista (Junior)','4 500–5 500 zł / mies. (zal. od umowy)','https://www.pracuj.pl/praca/junior-tester-warszawa-wenecka-12,oferta,1003188197?s=1d2c2faa&searchId=MTcxMTQ4NDExNTUzNi43MDYz'),
(1003188208,20083072,'Tester Automatyzujący','2024-03-26 00:00:00','2024-03-26 20:15:23','Pełny etat','','Specjalista (Mid / Regular)','18 000–24 000 zł netto (+ VAT) / mies.',''),
(1003188738,20050885,'Software Tester','2024-03-19 00:00:00','2024-03-26 20:16:14','Pełny etat','','Specjalista (Mid / Regular)','','https://www.pracuj.pl/praca/software-tester-warszawa,oferta,1003188738?s=1d2c2faa&searchId=MTcxMTQ4NDExNTUzNi43MDYz'),
(1003190231,20008533,'T Hub - IoT Integration and Validation Test Engineer','2024-03-24 00:00:00','2024-03-26 20:15:55','Pełny etat','','Specjalista (Mid / Regular), Starszy specjalista (Senior)','','https://www.pracuj.pl/praca/t-hub-iot-integration-and-validation-test-engineer-warszawa-marynarska-12,oferta,1003190231?s=1d2c2faa&searchId=MTcxMTQ4NDExNTUzNi43MDYz'),
(1003191133,20252032,'Tester Automatyzujący','2024-03-18 00:00:00','2024-03-26 20:16:15','Pełny etat','','Specjalista (Mid / Regular), Starszy specjalista (Senior)','','https://www.pracuj.pl/praca/tester-automatyzujacy-warszawa-bakalarska-34,oferta,1003191133?s=1d2c2faa&searchId=MTcxMTQ4NDExNTUzNi43MDYz'),
(1003192227,18796680,'Analityk IT','2024-03-19 00:00:00','2024-03-26 20:16:14','Pełny etat','','Starszy specjalista (Senior)','','https://www.pracuj.pl/praca/analityk-it-warszawa,oferta,1003192227?s=1d2c2faa&searchId=MTcxMTQ4NDExNTUzNi43MDYz'),
(1003193216,20373336,'Penetration Tester - Offensive Security Specialist (m/f/d)','2024-03-19 00:00:00','2024-03-26 20:16:14','Pełny etat','','Specjalista (Mid / Regular)','','https://www.pracuj.pl/praca/penetration-tester-offensive-security-specialist-m-f-d-warszawa,oferta,1003193216?s=1d2c2faa&searchId=MTcxMTQ4NDExNTUzNi43MDYz'),
(1003193597,8566501,'Business-System Analyst for Call Center System','2024-03-25 00:00:00','2024-03-26 20:15:48','Pełny etat','','Specjalista (Mid / Regular), Starszy specjalista (Senior)','','https://www.pracuj.pl/praca/business-system-analyst-for-call-center-system-warszawa-senatorska-18,oferta,1003193597?s=1d2c2faa&searchId=MTcxMTQ4NDExNTUzNi43MDYz'),
(1003193628,20015607,'Specjalista / Specjalistka ds. konfiguracji procesów Workflow','2024-03-25 00:00:00','2024-03-26 20:15:48','Pełny etat','','Specjalista (Mid / Regular)','','https://www.pracuj.pl/praca/specjalista-specjalistka-ds-konfiguracji-procesow-workflow-warszawa,oferta,1003193628?s=1d2c2faa&searchId=MTcxMTQ4NDExNTUzNi43MDYz'),
(1003196821,20114475,'Pentester / Penetration Tester / Tester Penetracyjny w Zespole Bezpieczeństwa Teleinformatycznego','2024-03-20 00:00:00','2024-03-26 20:16:13','Pełny etat','','Specjalista (Mid / Regular), Starszy specjalista (Senior)','','https://www.pracuj.pl/praca/pentester-penetration-tester-tester-penetracyjny-w-zespole-bezpieczenstwa-telein-warszawa-rondo-daszynskiego-2c,oferta,1003196821?s=1d2c2faa&searchId=MTcxMTQ4NDExNTUzNi43MDYz'),
(1003197066,1074051922,'Tester automatyzujący (Java) / Java Developer in Test','2024-03-25 00:00:00','2024-03-26 20:15:45','Pełny etat','','Specjalista (Mid / Regular), Starszy specjalista (Senior)','110–140 zł netto (+ VAT) / godz.','https://www.pracuj.pl/praca/tester-automatyzujacy-java-java-developer-in-test-warszawa,oferta,1003197066?s=1d2c2faa&searchId=MTcxMTQ4NDExNTUzNi43MDYz'),
(1003197731,1074148163,'Functional Tester','2024-03-22 00:00:00','2024-03-26 20:16:12','Pełny etat','','Specjalista (Mid / Regular)','120 zł netto (+ VAT) / godz.','https://www.pracuj.pl/praca/functional-tester-warszawa,oferta,1003197731?s=1d2c2faa&searchId=MTcxMTQ4NDExNTUzNi43MDYz'),
(1003198704,18801621,'Tester Automatyzujący','2024-03-21 00:00:00','2024-03-26 20:16:12','Pełny etat','','Specjalista (Mid / Regular)','','https://www.pracuj.pl/praca/tester-automatyzujacy-warszawa,oferta,1003198704?s=1d2c2faa&searchId=MTcxMTQ4NDExNTUzNi43MDYz'),
(1003198875,20403223,'Senior Test Engineer','2024-03-26 00:00:00','2024-03-26 20:15:33','Pełny etat','','Starszy specjalista (Senior)','','https://www.pracuj.pl/praca/senior-test-engineer-warszawa-emilii-plater-53,oferta,1003198875?s=1d2c2faa&searchId=MTcxMTQ4NDExNTUzNi43MDYz'),
(1003199022,1074086639,'QA Engineer','2024-03-26 00:00:00','2024-03-26 20:15:31','Pełny etat','','Specjalista (Mid / Regular)','11 200–19 000 zł / mies. (zal. od umowy)','https://www.pracuj.pl/praca/qa-engineer-warszawa-kazimierza-brokla-2,oferta,1003199022?s=1d2c2faa&searchId=MTcxMTQ4NDExNTUzNi43MDYz'),
(1003199118,1074148163,'Test Automation Engineer in Data & ETL','2024-03-22 00:00:00','2024-03-26 20:16:10','Pełny etat','','Specjalista (Mid / Regular)','130–145 zł netto (+ VAT) / godz.','https://www.pracuj.pl/praca/test-automation-engineer-in-data-etl-warszawa,oferta,1003199118?s=1d2c2faa&searchId=MTcxMTQ4NDExNTUzNi43MDYz'),
(1003199879,18797220,'Tester Automatyzujący','2024-03-21 00:00:00','2024-03-26 20:16:12','Pełny etat','','Specjalista (Mid / Regular), Młodszy specjalista (Junior)','','https://www.pracuj.pl/praca/tester-automatyzujacy-warszawa-adama-branickiego-13,oferta,1003199879?s=1d2c2faa&searchId=MTcxMTQ4NDExNTUzNi43MDYz'),
(1003199882,20008108,'Tester Automatyzujący','2024-03-14 00:00:00','2024-03-26 20:16:15','Pełny etat','','Starszy specjalista (Senior)','120–140 zł netto (+ VAT) / godz.','https://www.pracuj.pl/praca/tester-automatyzujacy-warszawa,oferta,1003199882?s=1d2c2faa&searchId=MTcxMTQ4NDExNTUzNi43MDYz'),
(1003199884,20304703,'Junior Tester','2024-03-26 00:00:00','2024-03-26 20:15:26','Pełny etat','','Młodszy specjalista (Junior)','40–50 zł / godz. (zal. od umowy)','https://www.pracuj.pl/praca/junior-tester-warszawa,oferta,1003199884?s=1d2c2faa&searchId=MTcxMTQ4NDExNTUzNi43MDYz'),
(1003200237,1074158914,'Programista / Programistka PHP','2024-03-22 00:00:00','2024-03-26 20:16:09','Pełny etat','','Specjalista (Mid / Regular), Młodszy specjalista (Junior)','8 000–10 000 zł / mies. (zal. od umowy)','https://www.pracuj.pl/praca/programista-programistka-php-warszawa-tadeusza-czackiego-15,oferta,1003200237?s=1d2c2faa&searchId=MTcxMTQ4NDExNTUzNi43MDYz'),
(1003200329,20109980,'Tester automatyzujący','2024-03-26 00:00:00','2024-03-26 20:15:24','Pełny etat','','Specjalista (Mid / Regular)','100–140 zł netto (+ VAT) / godz.','https://www.pracuj.pl/praca/tester-automatyzujacy-warszawa-aleje-jerozolimskie-125,oferta,1003200329?s=1d2c2faa&searchId=MTcxMTQ4NDExNTUzNi43MDYz'),
(1003201016,20191286,'Software Test Analyst','2024-03-23 00:00:00','2024-03-26 20:16:08','Pełny etat','','Specjalista (Mid / Regular)','100–110 zł netto (+ VAT) / godz.','https://www.pracuj.pl/praca/software-test-analyst-warszawa-nowowiejska-15-19,oferta,1003201016?s=1d2c2faa&searchId=MTcxMTQ4NDExNTUzNi43MDYz'),
(1003201792,20017554,'Software Development Team Leader','2024-03-24 00:00:00','2024-03-26 20:15:55','Pełny etat','','Kierownik / Koordynator, Menedżer','15 300–23 000 zł / mies. (zal. od umowy)','https://www.pracuj.pl/praca/software-development-team-leader-poznan-roosevelta-9,oferta,1003201792?s=1d2c2faa&searchId=MTcxMTQ4NDExNTUzNi43MDYz'),
(1003202196,20006949,'Praktykant / Praktykantka w Wydziale DevOps Sztucznej Inteligencji','2024-03-22 00:00:00','2024-03-26 20:16:10','Pełny etat','','Praktykant / Stażysta','','https://www.pracuj.pl/praca/praktykant-praktykantka-w-wydziale-devops-sztucznej-inteligencji-warszawa-aleje-jerozolimskie-160,oferta,1003202196?s=1d2c2faa&searchId=MTcxMTQ4NDExNTUzNi43MDYz'),
(1003202496,20387566,'QA Tester','2024-03-23 00:00:00','2024-03-26 20:16:04','Pełny etat','','Specjalista (Mid / Regular)','','https://www.pracuj.pl/praca/qa-tester-warszawa,oferta,1003202496?s=1d2c2faa&searchId=MTcxMTQ4NDExNTUzNi43MDYz'),
(1003202835,20006949,'Data and AI Financial Planner','2024-03-22 00:00:00','2024-03-26 20:16:10','Pełny etat','','Specjalista (Mid / Regular)','','https://www.pracuj.pl/praca/data-and-ai-financial-planner-warszawa-aleje-jerozolimskie-160,oferta,1003202835?s=1d2c2faa&searchId=MTcxMTQ4NDExNTUzNi43MDYz'),
(1003202977,20004081,'Tester aplikacji ERP/Analityk Jakości Oprogramowania','2024-03-24 00:00:00','2024-03-26 20:15:54','Pełny etat','','Specjalista (Mid / Regular), Starszy specjalista (Senior)','','https://www.pracuj.pl/praca/tester-aplikacji-erp-analityk-jakosci-oprogramowania-warszawa-bronislawa-czecha-49-51,oferta,1003202977?s=1d2c2faa&searchId=MTcxMTQ4NDExNTUzNi43MDYz'),
(1003203036,18797837,'Testerka / Tester','2024-03-23 00:00:00','2024-03-26 20:16:03','Pełny etat','','Specjalista (Mid / Regular)','','https://www.pracuj.pl/praca/testerka-tester-warszawa,oferta,1003203036?s=1d2c2faa&searchId=MTcxMTQ4NDExNTUzNi43MDYz'),
(1003203190,20180967,'Senior Automation QA Engineer','2024-03-23 00:00:00','2024-03-26 20:16:02','Pełny etat','','Starszy specjalista (Senior)','130–160 zł netto (+ VAT) / godz.','https://www.pracuj.pl/praca/senior-automation-qa-engineer-krakow-zablocie-43a,oferta,1003203190?s=1d2c2faa&searchId=MTcxMTQ4NDExNTUzNi43MDYz'),
(1003204139,20251500,'QA Engineer','2024-03-23 00:00:00','2024-03-26 20:15:58','Pełny etat','','Specjalista (Mid / Regular)','110 zł netto (+ VAT) / godz.','https://www.pracuj.pl/praca/qa-engineer-warszawa,oferta,1003204139?s=1d2c2faa&searchId=MTcxMTQ4NDExNTUzNi43MDYz'),
(1003204146,1074063020,'Automation Tester','2024-03-23 00:00:00','2024-03-26 20:15:57','Pełny etat','','Specjalista (Mid / Regular)','100–150 zł netto (+ VAT) / godz.','https://www.pracuj.pl/praca/automation-tester-wroclaw-swidnicka-12,oferta,1003204146?s=1d2c2faa&searchId=MTcxMTQ4NDExNTUzNi43MDYz'),
(1003205073,20197100,'Tester Manualny','2024-03-25 00:00:00','2024-03-26 20:15:39','Pełny etat','','Specjalista (Mid / Regular)','11 760–16 800 zł netto (+ VAT) / mies.','https://www.pracuj.pl/praca/tester-manualny-warszawa-marszalkowska-107,oferta,1003205073?s=1d2c2faa&searchId=MTcxMTQ4NDExNTUzNi43MDYz'),
(1003205165,20001228,'SAP IT Audit Manager','2024-03-23 00:00:00','2024-03-26 20:16:02','Pełny etat','','Menedżer','18 000–25 000 zł / mies. (zal. od umowy)','https://www.pracuj.pl/praca/sap-it-audit-manager-warszawa-polna-11,oferta,1003205165?s=1d2c2faa&searchId=MTcxMTQ4NDExNTUzNi43MDYz'),
(1003205179,20001228,'PAM SecOps Specialist','2024-03-23 00:00:00','2024-03-26 20:15:59','Pełny etat','','Specjalista (Mid / Regular)','','https://www.pracuj.pl/praca/pam-secops-specialist-warszawa-polna-11,oferta,1003205179?s=1d2c2faa&searchId=MTcxMTQ4NDExNTUzNi43MDYz'),
(1003205190,20197100,'Database Tester','2024-03-25 00:00:00','2024-03-26 20:15:37','Pełny etat','','Specjalista (Mid / Regular)','17 600–19 200 zł netto (+ VAT) / mies.','https://www.pracuj.pl/praca/database-tester-warszawa-marszalkowska-107,oferta,1003205190?s=1d2c2faa&searchId=MTcxMTQ4NDExNTUzNi43MDYz'),
(1003205198,20197100,'Lead Data Engineer','2024-03-25 00:00:00','2024-03-26 20:15:38','Pełny etat','','Kierownik / Koordynator','28 800–35 900 zł netto (+ VAT) / mies.','https://www.pracuj.pl/praca/lead-data-engineer-warszawa-plac-stanislawa-malachowskiego-2,oferta,1003205198?s=1d2c2faa&searchId=MTcxMTQ4NDExNTUzNi43MDYz'),
(1003205204,20197100,'Senior Test Engineer','2024-03-25 00:00:00','2024-03-26 20:15:38','Pełny etat','','Starszy specjalista (Senior)','20 432–24 081 zł netto (+ VAT) / mies.','https://www.pracuj.pl/praca/senior-test-engineer-warszawa-marszalkowska-107,oferta,1003205204?s=1d2c2faa&searchId=MTcxMTQ4NDExNTUzNi43MDYz'),
(1003205258,20001228,'SAP IT Audit Manager','2024-03-25 00:00:00','2024-03-26 20:15:39','Pełny etat','','Menedżer','18 000–25 000 zł / mies. (zal. od umowy)','https://www.pracuj.pl/praca/sap-it-audit-manager-warszawa-polna-11,oferta,1003205258?s=1d2c2faa&searchId=MTcxMTQ4NDExNTUzNi43MDYz'),
(1003205971,18797224,'Analityk systemowy','2024-03-25 00:00:00','2024-03-26 20:15:37','Pełny etat','','Specjalista (Mid / Regular)','9 600–22 000 zł brutto / mies.','https://www.pracuj.pl/praca/analityk-systemowy-warszawa,oferta,1003205971?s=1d2c2faa&searchId=MTcxMTQ4NDExNTUzNi43MDYz'),
(1003206459,1074148163,'Senior Test Automation Engineer','2024-03-26 00:00:00','2024-03-26 20:15:36','Pełny etat','','Starszy specjalista (Senior)','155 zł netto (+ VAT) / godz.','https://www.pracuj.pl/praca/senior-test-automation-engineer-warszawa,oferta,1003206459?s=1d2c2faa&searchId=MTcxMTQ4NDExNTUzNi43MDYz'),
(1003207132,20253912,'Test Automation Engineer','2024-03-26 00:00:00','2024-03-26 20:15:34','Pełny etat','','Specjalista (Mid / Regular)','16 000–24 000 zł / mies. (zal. od umowy)','https://www.pracuj.pl/praca/test-automation-engineer-warszawa,oferta,1003207132?s=1d2c2faa&searchId=MTcxMTQ4NDExNTUzNi43MDYz'),
(1003207249,20071874,'End-to-End Software Tester','2024-03-26 00:00:00','2024-03-26 20:15:33','Pełny etat','','Specjalista (Mid / Regular), Starszy specjalista (Senior)','','https://www.pracuj.pl/praca/end-to-end-software-tester-bydgoszcz,oferta,1003207249?s=1d2c2faa&searchId=MTcxMTQ4NDExNTUzNi43MDYz'),
(1003207480,20022606,'Tester Automatyczny','2024-03-26 00:00:00','2024-03-26 20:15:33','Pełny etat','','Specjalista (Mid / Regular), Starszy specjalista (Senior)','','https://www.pracuj.pl/praca/tester-automatyczny-warszawa-aleje-jerozolimskie-179,oferta,1003207480?s=1d2c2faa&searchId=MTcxMTQ4NDExNTUzNi43MDYz'),
(1003207788,18803855,'Specjalista ds. Testów Bezpieczeństwa IT','2024-03-26 00:00:00','2024-03-26 20:15:32','Pełny etat','','Specjalista (Mid / Regular)','','https://www.pracuj.pl/praca/specjalista-ds-testow-bezpieczenstwa-it-warszawa-postepu-21c,oferta,1003207788?s=1d2c2faa&searchId=MTcxMTQ4NDExNTUzNi43MDYz'),
(1003208573,20257027,'Tester oprogramowania','2024-03-25 00:00:00','2024-03-26 20:15:48','Pełny etat','','Specjalista (Mid / Regular)','8 000–14 000 zł brutto / mies.','https://www.pracuj.pl/praca/tester-oprogramowania-warszawa-chmielna-132-134,oferta,1003208573?s=1d2c2faa&searchId=MTcxMTQ4NDExNTUzNi43MDYz'),
(1003208777,13894778,'Test Manager','2024-03-25 00:00:00','2024-03-26 20:15:46','Pełny etat','','Specjalista (Mid / Regular)','','https://www.pracuj.pl/praca/test-manager-warszawa-plac-trzech-krzyzy-10,oferta,1003208777?s=1d2c2faa&searchId=MTcxMTQ4NDExNTUzNi43MDYz'),
(1003212372,18797224,'Senior QA Engineer - Procesy Kredytowe','2024-03-23 00:00:00','2024-03-26 20:16:09','Pełny etat','','Starszy specjalista (Senior)','8 400–22 000 zł brutto / mies.','https://www.pracuj.pl/praca/senior-qa-engineer-procesy-kredytowe-warszawa,oferta,1003212372?s=1d2c2faa&searchId=MTcxMTQ4NDExNTUzNi43MDYz'),
(1003212619,20002450,'Programista - Developer C# lub ASP.NET','2024-03-23 00:00:00','2024-03-26 20:16:08','Pełny etat','','Specjalista (Mid / Regular)','10 000–17 000 zł / mies. (zal. od umowy)','https://www.pracuj.pl/praca/programista-developer-c%23-lub-asp-net-wroclaw-rybacka-9,oferta,1003212619?s=1d2c2faa&searchId=MTcxMTQ4NDExNTUzNi43MDYz'),
(1003212649,15853245,'Inżynier Testów','2024-03-24 00:00:00','2024-03-26 20:15:56','Pełny etat','','Specjalista (Mid / Regular)','','https://www.pracuj.pl/praca/inzynier-testow-warszawa-aleje-jerozolimskie-100,oferta,1003212649?s=1d2c2faa&searchId=MTcxMTQ4NDExNTUzNi43MDYz'),
(1003212761,20311197,'Sales Process Improvement Management Consultant with German (ICH Europe)','2024-03-23 00:00:00','2024-03-26 20:16:07','Pełny etat','','Specjalista (Mid / Regular)','','https://www.pracuj.pl/praca/sales-process-improvement-management-consultant-with-german-ich-europe-warszawa,oferta,1003212761?s=1d2c2faa&searchId=MTcxMTQ4NDExNTUzNi43MDYz'),
(1003213155,20000761,'Technical Product Owner','2024-03-23 00:00:00','2024-03-26 20:16:07','Pełny etat','','Specjalista (Mid / Regular), Starszy specjalista (Senior)','','https://www.pracuj.pl/praca/technical-product-owner-warszawa-aleja-niepodleglosci-69,oferta,1003213155?s=1d2c2faa&searchId=MTcxMTQ4NDExNTUzNi43MDYz'),
(1003213180,18797224,'Starszy Analityk Systemowy - Tribe Aplikacji Operacyjnych','2024-03-23 00:00:00','2024-03-26 20:16:06','Pełny etat','','Starszy specjalista (Senior)','10 000–18 000 zł brutto / mies.','https://www.pracuj.pl/praca/starszy-analityk-systemowy-tribe-aplikacji-operacyjnych-warszawa,oferta,1003213180?s=1d2c2faa&searchId=MTcxMTQ4NDExNTUzNi43MDYz'),
(1003213948,20109980,'Tester Manualny','2024-03-25 00:00:00','2024-03-26 20:15:46','Pełny etat','','Specjalista (Mid / Regular)','60–100 zł netto (+ VAT) / godz.','https://www.pracuj.pl/praca/tester-manualny-warszawa-aleje-jerozolimskie-125,oferta,1003213948?s=1d2c2faa&searchId=MTcxMTQ4NDExNTUzNi43MDYz'),
(1003214056,20270956,'Application Tester','2024-03-25 00:00:00','2024-03-26 20:15:45','Pełny etat','','Specjalista (Mid / Regular), Młodszy specjalista (Junior)','8 400–12 810 zł / mies. (zal. od umowy)','https://www.pracuj.pl/praca/application-tester-wroclaw,oferta,1003214056?s=1d2c2faa&searchId=MTcxMTQ4NDExNTUzNi43MDYz'),
(1003214490,1074084067,'Tester oprogramowania - Junior','2024-03-23 00:00:00','2024-03-26 20:15:59','Pełny etat','','Młodszy specjalista (Junior)','5 000–6 500 zł / mies. (zal. od umowy)','https://www.pracuj.pl/praca/tester-oprogramowania-junior-warszawa-dzielna-60,oferta,1003214490?s=1d2c2faa&searchId=MTcxMTQ4NDExNTUzNi43MDYz'),
(1003214537,20159835,'Automation Tester','2024-03-24 00:00:00','2024-03-26 20:15:53','Pełny etat','','Specjalista (Mid / Regular)','','https://www.pracuj.pl/praca/automation-tester-warszawa-aleje-jerozolimskie-136,oferta,1003214537?s=1d2c2faa&searchId=MTcxMTQ4NDExNTUzNi43MDYz'),
(1003214726,20143886,'Manager – HR Process Excellence','2024-03-21 00:00:00','2024-03-26 20:16:12','Pełny etat','','Menedżer','','https://www.pracuj.pl/praca/manager-hr-process-excellence-warszawa,oferta,1003214726?s=1d2c2faa&searchId=MTcxMTQ4NDExNTUzNi43MDYz'),
(1003214817,20048614,'Manual Software Tester','2024-03-26 00:00:00','2024-03-26 20:15:36','Pełny etat','','Specjalista (Mid / Regular)','110 zł netto (+ VAT) / godz.','https://www.pracuj.pl/praca/manual-software-tester-warszawa,oferta,1003214817?s=1d2c2faa&searchId=MTcxMTQ4NDExNTUzNi43MDYz'),
(1003215027,1074051922,'Tester Backend','2024-03-25 00:00:00','2024-03-26 20:15:52','Pełny etat','','Specjalista (Mid / Regular)','13 440–15 120 zł netto (+ VAT) / mies.','https://www.pracuj.pl/praca/tester-backend-warszawa,oferta,1003215027?s=1d2c2faa&searchId=MTcxMTQ4NDExNTUzNi43MDYz'),
(1003215195,20083072,'Tester Automatyzujący/ QA Engineer','2024-03-25 00:00:00','2024-03-26 20:15:51','Pełny etat','','Specjalista (Mid / Regular)','15 000–21 000 zł / mies. (zal. od umowy)','https://www.pracuj.pl/praca/tester-automatyzujacy-qa-engineer-warszawa,oferta,1003215195?s=1d2c2faa&searchId=MTcxMTQ4NDExNTUzNi43MDYz'),
(1003215450,1074155154,'Tester Oprogramowania Web / Mobile 3+','2024-03-26 00:00:00','2024-03-26 20:15:34','Pełny etat','','Starszy specjalista (Senior)','8 000–11 200 zł netto (+ VAT) / mies.','https://www.pracuj.pl/praca/tester-oprogramowania-web-mobile-3%2b-warszawa,oferta,1003215450?s=1d2c2faa&searchId=MTcxMTQ4NDExNTUzNi43MDYz'),
(1003215565,12838313,'Software Test Engineer','2024-03-24 00:00:00','2024-03-26 20:15:56','Pełny etat','','Specjalista (Mid / Regular)','5 000–7 800 zł / mies. (zal. od umowy)','https://www.pracuj.pl/praca/software-test-engineer-warszawa-zwirki-i-wigury-18a,oferta,1003215565?s=1d2c2faa&searchId=MTcxMTQ4NDExNTUzNi43MDYz'),
(1003216220,20299253,'Tester manualny','2024-03-25 00:00:00','2024-03-26 20:15:49','Pełny etat','','Specjalista (Mid / Regular)','','https://www.pracuj.pl/praca/tester-manualny-warszawa-aleja-jana-pawla-ii-22,oferta,1003216220?s=1d2c2faa&searchId=MTcxMTQ4NDExNTUzNi43MDYz'),
(1003216576,20109980,'Tester Manualny','2024-03-26 00:00:00','2024-03-26 20:15:26','Pełny etat','','Specjalista (Mid / Regular), Młodszy specjalista (Junior)','70–90 zł netto (+ VAT) / godz.','https://www.pracuj.pl/praca/tester-manualny-warszawa-aleje-jerozolimskie-125,oferta,1003216576?s=1d2c2faa&searchId=MTcxMTQ4NDExNTUzNi43MDYz'),
(1003216979,1074061445,'Junior NoCode Tester Manualny','2024-03-26 00:00:00','2024-03-26 20:15:25','Pełny etat','','Młodszy specjalista (Junior)','5 000–7 560 zł / mies. (zal. od umowy)','https://www.pracuj.pl/praca/junior-nocode-tester-manualny-warszawa,oferta,1003216979?s=1d2c2faa&searchId=MTcxMTQ4NDExNTUzNi43MDYz'),
(1003217592,9863592,'Tester WMS','2024-03-22 00:00:00','2024-03-26 20:16:11','Pełny etat','','Specjalista (Mid / Regular)','','https://www.pracuj.pl/praca/tester-wms-warszawa,oferta,1003217592?s=1d2c2faa&searchId=MTcxMTQ4NDExNTUzNi43MDYz'),
(1003217628,17843210,'Senior Python Test Engineer','2024-03-25 00:00:00','2024-03-26 20:15:52','Pełny etat','','Starszy specjalista (Senior)','21 840–25 200 zł netto (+ VAT) / mies.','https://www.pracuj.pl/praca/senior-python-test-engineer-warszawa,oferta,1003217628?s=1d2c2faa&searchId=MTcxMTQ4NDExNTUzNi43MDYz'),
(1003218328,18802787,'Tester automatyzujący','2024-03-25 00:00:00','2024-03-26 20:15:50','Pełny etat','','Specjalista (Mid / Regular), Starszy specjalista (Senior)','','https://www.pracuj.pl/praca/tester-automatyzujacy-warszawa-postepu-18a,oferta,1003218328?s=1d2c2faa&searchId=MTcxMTQ4NDExNTUzNi43MDYz'),
(1003218582,1074074513,'Tester API','2024-03-26 00:00:00','2024-03-26 20:15:32','Pełny etat','','Specjalista (Mid / Regular)','12 000–15 800 zł / mies. (zal. od umowy)','https://www.pracuj.pl/praca/tester-api-warszawa,oferta,1003218582?s=1d2c2faa&searchId=MTcxMTQ4NDExNTUzNi43MDYz'),
(1003218639,20128152,'Senior Tester','2024-03-25 00:00:00','2024-03-26 20:15:49','Pełny etat','','Specjalista (Mid / Regular), Starszy specjalista (Senior)','','https://www.pracuj.pl/praca/senior-tester-warszawa-zwyciezcow-6a,oferta,1003218639?s=1d2c2faa&searchId=MTcxMTQ4NDExNTUzNi43MDYz'),
(1003219277,18797776,'Software Test Engineer','2024-03-26 00:00:00','2024-03-26 20:15:28','Pełny etat','','Specjalista (Mid / Regular)','','https://www.pracuj.pl/praca/software-test-engineer-warszawa-plac-europejski-1,oferta,1003219277?s=1d2c2faa&searchId=MTcxMTQ4NDExNTUzNi43MDYz'),
(1003219715,20181203,'Senior Test Automation Engineer with Tosca (Automotive Industry), speaking German','2024-03-26 00:00:00','2024-03-26 20:15:25','Pełny etat','','Starszy specjalista (Senior)','','https://www.pracuj.pl/praca/senior-test-automation-engineer-with-tosca-automotive-industry-speaking-german-lublin-luzyczan-10,oferta,1003219715?s=1d2c2faa&searchId=MTcxMTQ4NDExNTUzNi43MDYz'),
(1003220061,1074083241,'Architect Software Test Engineer','2024-03-26 00:00:00','2024-03-26 20:15:22','Pełny etat','','Ekspert','16 000–36 960 zł / mies. (zal. od umowy)','https://www.pracuj.pl/praca/architect-software-test-engineer-krakow,oferta,1003220061?s=1d2c2faa&searchId=MTcxMTQ4NDExNTUzNi43MDYz'),
(1003220066,1074083241,'Lead Software Test Engineer','2024-03-26 00:00:00','2024-03-26 20:15:22','Pełny etat','','Kierownik / Koordynator, Menedżer','14 000–31 920 zł / mies. (zal. od umowy)','https://www.pracuj.pl/praca/lead-software-test-engineer-krakow,oferta,1003220066?s=1d2c2faa&searchId=MTcxMTQ4NDExNTUzNi43MDYz'),
(1003220069,1074083241,'Senior Software Test Engineer','2024-03-26 00:00:00','2024-03-26 20:15:23','Pełny etat','','Starszy specjalista (Senior)','12 000–30 240 zł / mies. (zal. od umowy)','https://www.pracuj.pl/praca/senior-software-test-engineer-krakow,oferta,1003220069?s=1d2c2faa&searchId=MTcxMTQ4NDExNTUzNi43MDYz'),
(1003220072,1074032335,'Tester - Analityk Testów','2024-03-26 00:00:00','2024-03-26 20:15:21','Pełny etat','','Specjalista (Mid / Regular)','90–105 zł netto (+ VAT) / godz.','https://www.pracuj.pl/praca/tester-analityk-testow-warszawa-tadeusza-rejtana-17,oferta,1003220072?s=1d2c2faa&searchId=MTcxMTQ4NDExNTUzNi43MDYz'),
(1003220074,20007649,'Tester Manualny','2024-03-25 00:00:00','2024-03-26 20:15:39','Pełny etat','','Młodszy specjalista (Junior)','12 000–15 000 zł / mies. (zal. od umowy)','https://www.pracuj.pl/praca/tester-manualny-warszawa,oferta,1003220074?s=1d2c2faa&searchId=MTcxMTQ4NDExNTUzNi43MDYz'),
(1003221819,519,'Senior Test Automation Engineer','2024-03-23 00:00:00','2024-03-26 20:16:07','Pełny etat','','Starszy specjalista (Senior)','','https://www.pracuj.pl/praca/senior-test-automation-engineer-warszawa,oferta,1003221819?s=1d2c2faa&searchId=MTcxMTQ4NDExNTUzNi43MDYz'),
(1003222095,20048244,'Tester Automatyczny','2024-03-23 00:00:00','2024-03-26 20:16:07','Pełny etat','','Specjalista (Mid / Regular), Starszy specjalista (Senior)','','https://www.pracuj.pl/praca/tester-automatyczny-warszawa,oferta,1003222095?s=1d2c2faa&searchId=MTcxMTQ4NDExNTUzNi43MDYz'),
(1003222925,1074148163,'Analityk Danych','2024-03-23 00:00:00','2024-03-26 20:16:04','Pełny etat','','Specjalista (Mid / Regular)','110–125 zł netto (+ VAT) / godz.','https://www.pracuj.pl/praca/analityk-danych-warszawa,oferta,1003222925?s=1d2c2faa&searchId=MTcxMTQ4NDExNTUzNi43MDYz'),
(1003223327,20006211,'Analityk Systemowy','2024-03-25 00:00:00','2024-03-26 20:15:47','Pełny etat','','Specjalista (Mid / Regular)','','https://www.pracuj.pl/praca/analityk-systemowy-warszawa-rotmistrza-witolda-pileckiego-65,oferta,1003223327?s=1d2c2faa&searchId=MTcxMTQ4NDExNTUzNi43MDYz'),
(1003223328,20006211,'Programista IBM SPSS Modeler','2024-03-25 00:00:00','2024-03-26 20:15:47','Pełny etat','','Specjalista (Mid / Regular)','','https://www.pracuj.pl/praca/programista-ibm-spss-modeler-warszawa-rotmistrza-witolda-pileckiego-65,oferta,1003223328?s=1d2c2faa&searchId=MTcxMTQ4NDExNTUzNi43MDYz'),
(1003223424,20006211,'Analityk Danych (Machine Learning)','2024-03-25 00:00:00','2024-03-26 20:15:47','Pełny etat','','Specjalista (Mid / Regular)','','https://www.pracuj.pl/praca/analityk-danych-machine-learning-warszawa-rotmistrza-witolda-pileckiego-65,oferta,1003223424?s=1d2c2faa&searchId=MTcxMTQ4NDExNTUzNi43MDYz'),
(1003223559,20006211,'Specjalista AML','2024-03-25 00:00:00','2024-03-26 20:15:45','Pełny etat','','Specjalista (Mid / Regular)','','https://www.pracuj.pl/praca/specjalista-aml-warszawa-rotmistrza-witolda-pileckiego-65,oferta,1003223559?s=1d2c2faa&searchId=MTcxMTQ4NDExNTUzNi43MDYz'),
(1003223742,37,'Quality Assurance Engineer – Software Engineering','2024-03-23 00:00:00','2024-03-26 20:16:03','Pełny etat','','Specjalista (Mid / Regular)','','https://www.pracuj.pl/praca/quality-assurance-engineer-software-engineering-warszawa-inflancka-4a,oferta,1003223742?s=1d2c2faa&searchId=MTcxMTQ4NDExNTUzNi43MDYz'),
(1003224267,3339533,'Tester Biznesowy (Bankowość Elektroniczna)','2024-03-24 00:00:00','2024-03-26 20:15:56','Pełny etat','','Młodszy specjalista (Junior)','','https://www.pracuj.pl/praca/tester-biznesowy-bankowosc-elektroniczna-warszawa-stanislawa-zaryna-2a,oferta,1003224267?s=1d2c2faa&searchId=MTcxMTQ4NDExNTUzNi43MDYz'),
(1003225874,18796680,'Starszy Specjalista Automatyzacji Testów','2024-03-26 00:00:00','2024-03-26 20:15:27','Pełny etat','','Starszy specjalista (Senior)','','https://www.pracuj.pl/praca/starszy-specjalista-automatyzacji-testow-warszawa,oferta,1003225874?s=1d2c2faa&searchId=MTcxMTQ4NDExNTUzNi43MDYz'),
(1003226644,20196799,'Tester Automatyzujący','2024-03-23 00:00:00','2024-03-26 20:16:09','Pełny etat','','Specjalista (Mid / Regular)','','https://www.pracuj.pl/praca/tester-automatyzujacy-poznan-klosowa-27,oferta,1003226644?s=1d2c2faa&searchId=MTcxMTQ4NDExNTUzNi43MDYz'),
(1003227067,5070943,'Starszy Specjalista ds. Automatyzacji Procesów (RPA Developer)','2024-03-20 00:00:00','2024-03-26 20:16:13','Pełny etat','','Starszy specjalista (Senior)','','https://www.pracuj.pl/praca/starszy-specjalista-ds-automatyzacji-procesow-rpa-developer-warszawa-aleje-jerozolimskie-96,oferta,1003227067?s=1d2c2faa&searchId=MTcxMTQ4NDExNTUzNi43MDYz'),
(1003227976,20097238,'SAP S/4HANA ABAP Developer','2024-03-23 00:00:00','2024-03-26 20:16:06','Pełny etat','','Specjalista (Mid / Regular)','','https://www.pracuj.pl/praca/sap-s-4hana-abap-developer-wroclaw-wagonowa-2d,oferta,1003227976?s=1d2c2faa&searchId=MTcxMTQ4NDExNTUzNi43MDYz'),
(1003227989,20097238,'Tester (Pentester) / Network Security','2024-03-23 00:00:00','2024-03-26 20:16:05','Pełny etat','','Specjalista (Mid / Regular)','','https://www.pracuj.pl/praca/tester-pentester-network-security-wroclaw-wagonowa-2d,oferta,1003227989?s=1d2c2faa&searchId=MTcxMTQ4NDExNTUzNi43MDYz'),
(1003227992,20097238,'Tester (Pentester) – Cloud Security','2024-03-23 00:00:00','2024-03-26 20:16:05','Pełny etat','','Specjalista (Mid / Regular)','','https://www.pracuj.pl/praca/tester-pentester-cloud-security-wroclaw-wagonowa-2d,oferta,1003227992?s=1d2c2faa&searchId=MTcxMTQ4NDExNTUzNi43MDYz'),
(1003227996,20097238,'Tester (Pentester) - Specjalista ds. testowania bezpieczeństwa','2024-03-23 00:00:00','2024-03-26 20:16:05','Pełny etat','','Specjalista (Mid / Regular)','','https://www.pracuj.pl/praca/tester-pentester-specjalista-ds-testowania-bezpieczenstwa-wroclaw-wagonowa-2d,oferta,1003227996?s=1d2c2faa&searchId=MTcxMTQ4NDExNTUzNi43MDYz'),
(1003227998,20097238,'IT Security Tester','2024-03-23 00:00:00','2024-03-26 20:16:04','Pełny etat','','Specjalista (Mid / Regular)','','https://www.pracuj.pl/praca/it-security-tester-wroclaw-wagonowa-2d,oferta,1003227998?s=1d2c2faa&searchId=MTcxMTQ4NDExNTUzNi43MDYz'),
(1003228097,20088799,'Senior Test Automation Engineer','2024-03-26 00:00:00','2024-03-26 20:15:29','Pełny etat','','Starszy specjalista (Senior)','15 200–23 100 zł netto (+ VAT) / mies.','https://www.pracuj.pl/praca/senior-test-automation-engineer-warszawa-przyokopowa-33,oferta,1003228097?s=1d2c2faa&searchId=MTcxMTQ4NDExNTUzNi43MDYz'),
(1003228270,18798565,'Tester Manualny','2024-03-23 00:00:00','2024-03-26 20:16:03','Pełny etat','','Specjalista (Mid / Regular)','','https://www.pracuj.pl/praca/tester-manualny-warszawa-bonifraterska-17,oferta,1003228270?s=1d2c2faa&searchId=MTcxMTQ4NDExNTUzNi43MDYz'),
(1003228833,16068023,'Oracle PL/SQL Developer','2024-03-20 00:00:00','2024-04-04 11:01:16','Pełny etat','','Specjalista (Mid / Regular)','','https://www.pracuj.pl/praca/oracle-pl-sql-developer-warszawa-jana-olbrachta-94,oferta,1003228833?s=1d2c2faa&searchId=MTcxMjIyODQxNjYxOS43Mzcz'),
(1003229065,20261550,'Tester','2024-03-23 00:00:00','2024-03-26 20:15:58','Pełny etat','','Specjalista (Mid / Regular)','45–80 zł netto (+ VAT) / godz.','https://www.pracuj.pl/praca/tester-warszawa-zurawia-6,oferta,1003229065?s=1d2c2faa&searchId=MTcxMTQ4NDExNTUzNi43MDYz'),
(1003229080,1074040330,'Engineering Manager','2024-03-23 00:00:00','2024-03-26 20:15:58','Pełny etat','','Kierownik / Koordynator, Menedżer','','https://www.pracuj.pl/praca/engineering-manager-warszawa-wilcza-33,oferta,1003229080?s=1d2c2faa&searchId=MTcxMTQ4NDExNTUzNi43MDYz'),
(1003230742,11665813,'Tester Manualny','2024-03-26 00:00:00','2024-03-26 20:15:29','Pełny etat','','Specjalista (Mid / Regular)','','https://www.pracuj.pl/praca/tester-manualny-warszawa-krakowiakow-42,oferta,1003230742?s=1d2c2faa&searchId=MTcxMTQ4NDExNTUzNi43MDYz'),
(1003231806,15713211,'Embedded Systems Test Engineer - Senior','2024-03-26 00:00:00','2024-03-26 20:15:24','Pełny etat','','Specjalista (Mid / Regular), Starszy specjalista (Senior)','','https://www.pracuj.pl/praca/embedded-systems-test-engineer-senior-warszawa-jutrzenki-105,oferta,1003231806?s=1d2c2faa&searchId=MTcxMTQ4NDExNTUzNi43MDYz'),
(1003232356,1074148163,'QA Engineer with PHP','2024-03-22 00:00:00','2024-03-26 20:16:11','Pełny etat','','Specjalista (Mid / Regular)','150–180 zł netto (+ VAT) / godz.','https://www.pracuj.pl/praca/qa-engineer-with-php-warszawa,oferta,1003232356?s=1d2c2faa&searchId=MTcxMTQ4NDExNTUzNi43MDYz'),
(1003232842,20182180,'Tester oprogramowania','2024-03-25 00:00:00','2024-03-26 20:15:50','Pełny etat','','Specjalista (Mid / Regular)','6 000–9 000 zł / mies. (zal. od umowy)','https://www.pracuj.pl/praca/tester-oprogramowania-warszawa-bergamotki-4,oferta,1003232842?s=1d2c2faa&searchId=MTcxMTQ4NDExNTUzNi43MDYz'),
(1003233857,20109980,'Tester automatyzujący','2024-03-26 00:00:00','2024-03-26 20:15:29','Pełny etat','','Specjalista (Mid / Regular)','110–115 zł netto (+ VAT) / godz.','https://www.pracuj.pl/praca/tester-automatyzujacy-warszawa-aleje-jerozolimskie-125,oferta,1003233857?s=1d2c2faa&searchId=MTcxMTQ4NDExNTUzNi43MDYz'),
(1003234518,1074142656,'Test Manager with German','2024-03-22 00:00:00','2024-03-26 20:16:09','Pełny etat','','Menedżer','','https://www.pracuj.pl/praca/test-manager-with-german-warszawa-zlota-59,oferta,1003234518?s=1d2c2faa&searchId=MTcxMTQ4NDExNTUzNi43MDYz'),
(1003234723,20083072,'Database Tester','2024-03-25 00:00:00','2024-03-26 20:15:43','Pełny etat','','Specjalista (Mid / Regular)','17 000–23 000 zł / mies. (zal. od umowy)','https://www.pracuj.pl/praca/database-tester-warszawa,oferta,1003234723?s=1d2c2faa&searchId=MTcxMTQ4NDExNTUzNi43MDYz'),
(1003234726,20006857,'Manual Tester','2024-03-25 00:00:00','2024-03-26 20:15:44','Pełny etat','','Specjalista (Mid / Regular)','75 zł netto (+ VAT) / godz.','https://www.pracuj.pl/praca/manual-tester-warszawa,oferta,1003234726?s=1d2c2faa&searchId=MTcxMTQ4NDExNTUzNi43MDYz'),
(1003234770,20083072,'Database Tester','2024-03-25 00:00:00','2024-03-26 20:15:44','Pełny etat','','Specjalista (Mid / Regular)','17 000–23 000 zł / mies. (zal. od umowy)','https://www.pracuj.pl/praca/database-tester-warszawa,oferta,1003234770?s=1d2c2faa&searchId=MTcxMTQ4NDExNTUzNi43MDYz'),
(1003235429,20005393,'Business System Analyst in Technology Solution Delivery Team','2024-03-24 00:00:00','2024-03-26 20:15:52','Pełny etat','','Specjalista (Mid / Regular), Młodszy specjalista (Junior)','','https://www.pracuj.pl/praca/business-system-analyst-in-technology-solution-delivery-team-warszawa-rondo-onz-1,oferta,1003235429?s=1d2c2faa&searchId=MTcxMTQ4NDExNTUzNi43MDYz'),
(1003235961,1074148163,'Tester Manualny','2024-03-25 00:00:00','2024-03-26 20:15:51','Pełny etat','','Specjalista (Mid / Regular)','','https://www.pracuj.pl/praca/tester-manualny-warszawa,oferta,1003235961?s=1d2c2faa&searchId=MTcxMTQ4NDExNTUzNi43MDYz'),
(1003236309,18797776,'Junior Protocol Test Engineer','2024-03-25 00:00:00','2024-03-26 20:15:51','Pełny etat','','Młodszy specjalista (Junior)','','https://www.pracuj.pl/praca/junior-protocol-test-engineer-warszawa-plac-europejski-1,oferta,1003236309?s=1d2c2faa&searchId=MTcxMTQ4NDExNTUzNi43MDYz'),
(1003236551,1074148163,'Senior Automation Tester','2024-03-25 00:00:00','2024-03-26 20:15:50','Pełny etat','','Starszy specjalista (Senior)','170 zł netto (+ VAT) / godz.','https://www.pracuj.pl/praca/senior-automation-tester-warszawa,oferta,1003236551?s=1d2c2faa&searchId=MTcxMTQ4NDExNTUzNi43MDYz'),
(1003236840,20086028,'Junior Data Administrator','2024-03-25 00:00:00','2024-03-26 20:15:49','Pełny etat','','Młodszy specjalista (Junior)','','https://www.pracuj.pl/praca/junior-data-administrator-warszawa-poleczki-35,oferta,1003236840?s=1d2c2faa&searchId=MTcxMTQ4NDExNTUzNi43MDYz'),
(1003237270,20403223,'Test Engineer (junior) - Talent Program','2024-03-25 00:00:00','2024-03-26 20:15:49','Pełny etat, Część etatu','','Młodszy specjalista (Junior)','6 000 zł brutto / mies.','https://www.pracuj.pl/praca/test-engineer-junior-talent-program-warszawa-emilii-plater-53,oferta,1003237270?s=1d2c2faa&searchId=MTcxMTQ4NDExNTUzNi43MDYz'),
(1003238944,18799068,'LQA Game Tester with Japanese','2024-03-26 00:00:00','2024-03-26 20:15:35','Pełny etat','','Specjalista (Mid / Regular)','','https://www.pracuj.pl/praca/lqa-game-tester-with-japanese-warszawa-poleczki-21a,oferta,1003238944?s=1d2c2faa&searchId=MTcxMTQ4NDExNTUzNi43MDYz'),
(1003238962,18799068,'LQA Game Tester with Chinese Simplified','2024-03-26 00:00:00','2024-03-26 20:15:35','Pełny etat','','Specjalista (Mid / Regular)','','https://www.pracuj.pl/praca/lqa-game-tester-with-chinese-simplified-warszawa-poleczki-21a,oferta,1003238962?s=1d2c2faa&searchId=MTcxMTQ4NDExNTUzNi43MDYz'),
(1003238963,18799068,'LQA Game Tester with Chinese Traditional','2024-03-26 00:00:00','2024-03-26 20:15:34','Pełny etat','','Specjalista (Mid / Regular)','','https://www.pracuj.pl/praca/lqa-game-tester-with-chinese-traditional-warszawa-poleczki-21a,oferta,1003238963?s=1d2c2faa&searchId=MTcxMTQ4NDExNTUzNi43MDYz'),
(1003238964,18799068,'LQA Game Tester with Korean','2024-03-26 00:00:00','2024-03-26 20:15:34','Pełny etat','','Specjalista (Mid / Regular)','','https://www.pracuj.pl/praca/lqa-game-tester-with-korean-warszawa-poleczki-21a,oferta,1003238964?s=1d2c2faa&searchId=MTcxMTQ4NDExNTUzNi43MDYz'),
(1003240179,20048614,'Automation Tester/QA (Python)','2024-03-26 00:00:00','2024-03-26 20:15:27','Pełny etat','','Specjalista (Mid / Regular)','120 zł netto (+ VAT) / godz.','https://www.pracuj.pl/praca/automation-tester-qa-python-warszawa,oferta,1003240179?s=1d2c2faa&searchId=MTcxMTQ4NDExNTUzNi43MDYz'),
(1003241929,1074148163,'Senior IT Automation Tester','2024-03-27 00:00:00','2024-03-30 13:01:02','Pełny etat','','Starszy specjalista (Senior)','165 zł netto (+ VAT) / godz.','https://www.pracuj.pl/praca/senior-it-automation-tester-warszawa,oferta,1003241929?s=1d2c2faa&searchId=MTcxMTgwMzYxNjM0OC41NTEz'),
(1003242266,20080713,'Pentester','2024-03-27 00:00:00','2024-03-30 13:01:00','Pełny etat','','Specjalista (Mid / Regular)','','https://www.pracuj.pl/praca/pentester-warszawa-aleje-jerozolimskie-132,oferta,1003242266?s=1d2c2faa&searchId=MTcxMTgwMzYxNjM0OC41NTEz'),
(1003242402,20008533,'Automation Test Engineer - Departament IT','2024-03-27 00:00:00','2024-03-30 13:00:59','Pełny etat','','Specjalista (Mid / Regular)','','https://www.pracuj.pl/praca/automation-test-engineer-departament-it-warszawa-marynarska-12,oferta,1003242402?s=1d2c2faa&searchId=MTcxMTgwMzYxNjM0OC41NTEz'),
(1003243202,20012570,'Architekt systemów OSS (Telekomunikacja)','2024-03-27 00:00:00','2024-03-30 13:00:57','Pełny etat','','Starszy specjalista (Senior), Ekspert','195–210 zł netto (+ VAT) / godz.','https://www.pracuj.pl/praca/architekt-systemow-oss-telekomunikacja-warszawa,oferta,1003243202?s=1d2c2faa&searchId=MTcxMTgwMzYxNjM0OC41NTEz'),
(1003243264,20000986,'Tester Automatyzujący - Java','2024-03-29 00:00:00','2024-03-30 13:00:32','Pełny etat','','Starszy specjalista (Senior)','','https://www.pracuj.pl/praca/tester-automatyzujacy-java-warszawa,oferta,1003243264?s=1d2c2faa&searchId=MTcxMTgwMzYxNjM0OC41NTEz'),
(1003244515,17843210,'Lead Data Engineer','2024-03-30 00:00:00','2024-03-30 13:00:25','Pełny etat','','Ekspert','180–210 zł netto (+ VAT) / godz.','https://www.pracuj.pl/praca/lead-data-engineer-warszawa-pulawska-182,oferta,1003244515?s=1d2c2faa&searchId=MTcxMTgwMzYxNjM0OC41NTEz'),
(1003244816,20011564,'Starszy/a specjalista/ka ds. jakości oprogramowania','2024-03-28 00:00:00','2024-03-30 13:00:54','Pełny etat','','Specjalista (Mid / Regular), Starszy specjalista (Senior)','8 000–16 000 zł brutto / mies.','https://www.pracuj.pl/praca/starszy-a-specjalista-ka-ds-jakosci-oprogramowania-warszawa-stawki-40,oferta,1003244816?s=1d2c2faa&searchId=MTcxMTgwMzYxNjM0OC41NTEz'),
(1003245078,20007649,'Tester Manualny','2024-03-28 00:00:00','2024-03-30 13:00:53','Pełny etat','','Starszy specjalista (Senior)','14 000–17 000 zł netto (+ VAT) / mies.','https://www.pracuj.pl/praca/tester-manualny-warszawa,oferta,1003245078?s=1d2c2faa&searchId=MTcxMTgwMzYxNjM0OC41NTEz'),
(1003245108,1074025541,'Tester / testerka oprogramowania','2024-03-28 00:00:00','2024-03-30 13:00:53','Pełny etat','','Specjalista (Mid / Regular)','','https://www.pracuj.pl/praca/tester-testerka-oprogramowania-warszawa-domaniewska-39b,oferta,1003245108?s=1d2c2faa&searchId=MTcxMTgwMzYxNjM0OC41NTEz'),
(1003245119,1074061985,'Manual Game QA Engineer','2024-03-28 00:00:00','2024-03-30 13:00:53','Pełny etat','','Specjalista (Mid / Regular), Młodszy specjalista (Junior)','5 000–8 000 zł netto (+ VAT) / mies.',''),
(1003245378,1074054190,'Tester / testerka oprogramowania','2024-03-28 00:00:00','2024-03-30 13:00:52','Pełny etat','','Specjalista (Mid / Regular), Młodszy specjalista (Junior)','7 500–9 000 zł / mies. (zal. od umowy)','https://www.pracuj.pl/praca/tester-testerka-oprogramowania-warszawa,oferta,1003245378?s=1d2c2faa&searchId=MTcxMTgwMzYxNjM0OC41NTEz'),
(1003245476,17843210,'Tester Automatyzujący (C#, SpecFlow)','2024-03-28 00:00:00','2024-03-30 13:00:51','Pełny etat','','Specjalista (Mid / Regular), Starszy specjalista (Senior)','21 840–26 880 zł netto (+ VAT) / mies.','https://www.pracuj.pl/praca/tester-automatyzujacy-c%23-specflow-warszawa,oferta,1003245476?s=1d2c2faa&searchId=MTcxMTgwMzYxNjM0OC41NTEz'),
(1003245513,20007649,'Data Tester','2024-03-28 00:00:00','2024-03-30 13:00:51','Pełny etat','','Specjalista (Mid / Regular)','','https://www.pracuj.pl/praca/data-tester-warszawa,oferta,1003245513?s=1d2c2faa&searchId=MTcxMTgwMzYxNjM0OC41NTEz'),
(1003245525,20082208,'Software Test Engineer (SalesForce)','2024-03-28 00:00:00','2024-03-30 13:00:50','Pełny etat','','Specjalista (Mid / Regular)','','https://www.pracuj.pl/praca/software-test-engineer-salesforce-warszawa-zelazna-51-53,oferta,1003245525?s=1d2c2faa&searchId=MTcxMTgwMzYxNjM0OC41NTEz'),
(1003246070,1074022574,'PHP Developer','2024-03-28 00:00:00','2024-03-30 13:00:40','Pełny etat, Część etatu, Dodatkowa / tymczasowa','','Specjalista (Mid / Regular), Starszy specjalista (Senior)','8 000–12 800 zł netto (+ VAT) / mies.',''),
(1003246073,20007649,'Tester Automatyzujący (Java)','2024-03-28 00:00:00','2024-03-30 13:00:40','Pełny etat','','Starszy specjalista (Senior)','15 000–18 000 zł netto (+ VAT) / mies.','https://www.pracuj.pl/praca/tester-automatyzujacy-java-warszawa,oferta,1003246073?s=1d2c2faa&searchId=MTcxMTgwMzYxNjM0OC41NTEz'),
(1003246076,20007649,'Tester automatyzujący (Java)','2024-03-28 00:00:00','2024-03-30 13:00:41','Pełny etat','','Starszy specjalista (Senior)','23 000–28 500 zł netto (+ VAT) / mies.','https://www.pracuj.pl/praca/tester-automatyzujacy-java-warszawa,oferta,1003246076?s=1d2c2faa&searchId=MTcxMTgwMzYxNjM0OC41NTEz'),
(1003246081,20007649,'Tester Manualny','2024-03-28 00:00:00','2024-03-30 13:00:41','Pełny etat','','Specjalista (Mid / Regular)','10 000–14 000 zł netto (+ VAT) / mies.','https://www.pracuj.pl/praca/tester-manualny-warszawa,oferta,1003246081?s=1d2c2faa&searchId=MTcxMTgwMzYxNjM0OC41NTEz'),
(1003246102,20109980,'Tester Automatyzujący','2024-03-28 00:00:00','2024-03-30 13:00:42','Pełny etat','','Specjalista (Mid / Regular)','120–160 zł netto (+ VAT) / godz.','https://www.pracuj.pl/praca/tester-automatyzujacy-warszawa-aleje-jerozolimskie-125,oferta,1003246102?s=1d2c2faa&searchId=MTcxMTgwMzYxNjM0OC41NTEz'),
(1003248174,20085566,'Tester Manualny','2024-03-29 00:00:00','2024-03-30 13:00:28','Pełny etat','','Specjalista (Mid / Regular), Starszy specjalista (Senior)','10 000–13 500 zł netto (+ VAT) / mies.','https://www.pracuj.pl/praca/tester-manualny-warszawa,oferta,1003248174?s=1d2c2faa&searchId=MTcxMTgwMzYxNjM0OC41NTEz'),
(1003248179,20255966,'Tester','2024-03-29 00:00:00','2024-03-30 13:00:28','Pełny etat','','Specjalista (Mid / Regular), Starszy specjalista (Senior)','14 000–20 000 zł netto (+ VAT) / mies.','https://www.pracuj.pl/praca/tester-warszawa-encyklopedyczna-2a,oferta,1003248179?s=1d2c2faa&searchId=MTcxMTgwMzYxNjM0OC41NTEz'),
(1003248180,1074148163,'Senior Tester Manualny','2024-03-29 00:00:00','2024-03-30 13:00:29','Pełny etat','','Starszy specjalista (Senior)','120 zł netto (+ VAT) / godz.','https://www.pracuj.pl/praca/senior-tester-manualny-warszawa-domaniewska-39a,oferta,1003248180?s=1d2c2faa&searchId=MTcxMTgwMzYxNjM0OC41NTEz'),
(1003248292,20313095,'Junior project manager','2024-03-29 00:00:00','2024-03-30 13:00:29','Pełny etat','','Młodszy specjalista (Junior)','','https://www.pracuj.pl/praca/junior-project-manager-warszawa-gwiazdzista-19,oferta,1003248292?s=1d2c2faa&searchId=MTcxMTgwMzYxNjM0OC41NTEz'),
(1003249058,20401776,'QA Engineer','2024-04-01 00:00:00','2024-04-02 13:15:27','Pełny etat','','Specjalista (Mid / Regular)','','https://www.pracuj.pl/praca/qa-engineer-warszawa,oferta,1003249058?s=1d2c2faa&searchId=MTcxMjA2MzcxNDE5NC42MTI4'),
(1003249879,18802016,'Młodszy Tester Manualny (obszar ubezpieczeń)','2024-04-02 00:00:00','2024-04-02 13:15:26','Pełny etat','','Młodszy specjalista (Junior)','','https://www.pracuj.pl/praca/mlodszy-tester-manualny-obszar-ubezpieczen-warszawa,oferta,1003249879?s=1d2c2faa&searchId=MTcxMjA2MzcxNDE5NC42MTI4'),
(1003250154,20006157,'QA Business Analyst','2024-04-02 00:00:00','2024-04-02 13:15:24','Pełny etat','','Starszy specjalista (Senior)','13 400–21 500 zł / mies. (zal. od umowy)','https://www.pracuj.pl/praca/qa-business-analyst-warszawa-krucza-50,oferta,1003250154?s=1d2c2faa&searchId=MTcxMjA2MzcxNDE5NC42MTI4'),
(1003251036,13894778,'Test Manager','2024-04-02 00:00:00','2024-04-02 13:15:22','Pełny etat','','Specjalista (Mid / Regular)','','https://www.pracuj.pl/praca/test-manager-warszawa-plac-trzech-krzyzy-10,oferta,1003251036?s=1d2c2faa&searchId=MTcxMjA2MzcxNDE5NC42MTI4'),
(1003251905,18797776,'Junior Telecommunication Test Engineer','2024-04-02 00:00:00','2024-04-04 11:00:47','Pełny etat','','Młodszy specjalista (Junior)','','https://www.pracuj.pl/praca/junior-telecommunication-test-engineer-warszawa-plac-europejski-1,oferta,1003251905?s=1d2c2faa&searchId=MTcxMjIyODQxNjYxOS43Mzcz'),
(1003253259,20011599,'Test Automation Engineer','2024-04-03 00:00:00','2024-04-04 11:00:41','Pełny etat','','Specjalista (Mid / Regular)','','https://www.pracuj.pl/praca/test-automation-engineer-warszawa-lopuszanska-38c,oferta,1003253259?s=1d2c2faa&searchId=MTcxMjIyODQxNjYxOS43Mzcz'),
(1003254123,1074148163,'Tester automatyczny','2024-04-03 00:00:00','2024-04-04 11:00:39','Pełny etat','','Specjalista (Mid / Regular), Starszy specjalista (Senior)','100–120 zł netto (+ VAT) / godz.','https://www.pracuj.pl/praca/tester-automatyczny-warszawa,oferta,1003254123?s=1d2c2faa&searchId=MTcxMjIyODQxNjYxOS43Mzcz'),
(1003254361,18800189,'Pentester','2024-04-03 00:00:00','2024-04-04 11:00:38','Pełny etat','','Specjalista (Mid / Regular), Starszy specjalista (Senior)','','https://www.pracuj.pl/praca/pentester-warszawa-perkuna-47,oferta,1003254361?s=1d2c2faa&searchId=MTcxMjIyODQxNjYxOS43Mzcz'),
(1003255010,20083072,'Tester Automatyzujący','2024-04-03 00:00:00','2024-04-04 11:00:34','Pełny etat','','Specjalista (Mid / Regular)','18 000–24 000 zł netto (+ VAT) / mies.','https://www.pracuj.pl/praca/tester-automatyzujacy-warszawa,oferta,1003255010?s=1d2c2faa&searchId=MTcxMjIyODQxNjYxOS43Mzcz'),
(1003255426,20120282,'Praktykant / Praktykantka w obszarze Centralizacji usług ICT / Optymalizacji procesów zarządzania usługami','2024-04-03 00:00:00','2024-04-04 11:00:27','Pełny etat','','Praktykant / Stażysta','','https://www.pracuj.pl/praca/praktykant-praktykantka-w-obszarze-centralizacji-uslug-ict-optymalizacji-proceso-warszawa-sienna-39,oferta,1003255426?s=1d2c2faa&searchId=MTcxMjIyODQxNjYxOS43Mzcz'),
(1003255479,20148896,'Test Automation Engineer','2024-04-03 00:00:00','2024-04-04 11:00:27','Pełny etat','','Starszy specjalista (Senior)','16 000–24 360 zł / mies. (zal. od umowy)','https://www.pracuj.pl/praca/test-automation-engineer-poznan-krolowej-jadwigi-43,oferta,1003255479?s=1d2c2faa&searchId=MTcxMjIyODQxNjYxOS43Mzcz'),
(1003256631,20048614,'Process Optimization Specialist','2024-04-04 00:00:00','2024-04-04 11:00:25','Pełny etat','','Specjalista (Mid / Regular)','90–120 zł netto (+ VAT) / godz.','https://www.pracuj.pl/praca/process-optimization-specialist-warszawa,oferta,1003256631?s=1d2c2faa&searchId=MTcxMjIyODQxNjYxOS43Mzcz'),
(1003257151,18797224,'Senior QA Engineer','2024-04-04 00:00:00','2024-04-04 19:35:27','Pełny etat','','Starszy specjalista (Senior)','8 400–22 000 zł brutto / mies.','https://www.pracuj.pl/praca/senior-qa-engineer-warszawa,oferta,1003257151?s=1d2c2faa&searchId=MTcxMjI1OTMxMzc1OS4zMjE1'),
(1003257415,1074098004,'Junior Manual Tester','2024-04-04 00:00:00','2024-04-04 19:35:25','Pełny etat','','Młodszy specjalista (Junior)','4 000–6 000 zł netto (+ VAT) / mies.','https://www.pracuj.pl/praca/junior-manual-tester-warszawa-plac-trzech-krzyzy-10-14,oferta,1003257415?s=1d2c2faa&searchId=MTcxMjI1OTMxMzc1OS4zMjE1'),
(1003257738,3339533,'Młodszy Tester Aplikacji','2024-04-04 00:00:00','2024-04-04 19:35:23','Pełny etat','','Młodszy specjalista (Junior)','','https://www.pracuj.pl/praca/mlodszy-tester-aplikacji-warszawa-stanislawa-zaryna-2a,oferta,1003257738?s=1d2c2faa&searchId=MTcxMjI1OTMxMzc1OS4zMjE1'),
(1003258190,20252032,'Tester Automatyzujący','2024-04-04 00:00:00','2024-04-04 19:35:22','Pełny etat','','Specjalista (Mid / Regular), Starszy specjalista (Senior)','','https://www.pracuj.pl/praca/tester-automatyzujacy-warszawa-bakalarska-34,oferta,1003258190?s=1d2c2faa&searchId=MTcxMjI1OTMxMzc1OS4zMjE1'),
(1003258978,20212327,'Junior Tester','2024-04-05 00:00:00','2024-04-05 15:55:36','Pełny etat','','Młodszy specjalista (Junior)','','https://www.pracuj.pl/praca/junior-tester-gdansk-jana-z-kolna-11,oferta,1003258978?s=1d2c2faa&searchId=MTcxMjMzMjUxNDQzNy45OTYz'),
(1003259023,20203737,'Test Analyst','2024-04-05 00:00:00','2024-04-05 15:55:36','Pełny etat','','Specjalista (Mid / Regular)','5 500–15 120 zł / mies. (zal. od umowy)','https://www.pracuj.pl/praca/test-analyst-warszawa-prosta-67,oferta,1003259023?s=1d2c2faa&searchId=MTcxMjMzMjUxNDQzNy45OTYz'),
(1003259561,1074028924,'HRIS Project Manager','2024-04-05 00:00:00','2024-04-05 15:55:33','Pełny etat','','Starszy specjalista (Senior), Ekspert','','https://www.pracuj.pl/praca/hris-project-manager-warszawa-tasmowa-7,oferta,1003259561?s=1d2c2faa&searchId=MTcxMjMzMjUxNDQzNy45OTYz'),
(1003260087,18797776,'Internship - Software Quality Assurance Tester with German','2024-04-05 00:00:00','2024-04-05 15:55:31','Pełny etat','','Praktykant / Stażysta','','https://www.pracuj.pl/praca/internship-software-quality-assurance-tester-with-german-warszawa,oferta,1003260087?s=1d2c2faa&searchId=MTcxMjMzMjUxNDQzNy45OTYz'),
(1003260089,18797776,'Internship - Software Quality Assurance Tester with French','2024-04-05 00:00:00','2024-04-05 15:55:31','Pełny etat','','Praktykant / Stażysta','','https://www.pracuj.pl/praca/internship-software-quality-assurance-tester-with-french-warszawa,oferta,1003260089?s=1d2c2faa&searchId=MTcxMjMzMjUxNDQzNy45OTYz'),
(1003260093,18797776,'Internship - Software Quality Assurance Tester with Italian','2024-04-05 00:00:00','2024-04-05 15:55:30','Pełny etat','','Praktykant / Stażysta','','https://www.pracuj.pl/praca/internship-software-quality-assurance-tester-with-italian-warszawa,oferta,1003260093?s=1d2c2faa&searchId=MTcxMjMzMjUxNDQzNy45OTYz'),
(1003260096,18797776,'Internship - Software Quality Assurance Tester with Spanish','2024-04-05 00:00:00','2024-04-05 15:55:30','Pełny etat','','Praktykant / Stażysta','','https://www.pracuj.pl/praca/internship-software-quality-assurance-tester-with-spanish-warszawa,oferta,1003260096?s=1d2c2faa&searchId=MTcxMjMzMjUxNDQzNy45OTYz'),
(1003260111,18799068,'LQA Game Tester with Italian','2024-04-05 00:00:00','2024-04-05 15:55:29','Pełny etat','','Specjalista (Mid / Regular)','','https://www.pracuj.pl/praca/lqa-game-tester-with-italian-warszawa-poleczki-21a,oferta,1003260111?s=1d2c2faa&searchId=MTcxMjMzMjUxNDQzNy45OTYz'),
(1003260114,18799068,'LQA Game Tester with German','2024-04-05 00:00:00','2024-04-05 15:55:29','Pełny etat','','Specjalista (Mid / Regular)','','https://www.pracuj.pl/praca/lqa-game-tester-with-german-warszawa-poleczki-21a,oferta,1003260114?s=1d2c2faa&searchId=MTcxMjMzMjUxNDQzNy45OTYz'),
(1003260568,20272150,'SQL Developer','2024-04-05 00:00:00','2024-04-05 15:55:29','Pełny etat','','Specjalista (Mid / Regular)','','https://www.pracuj.pl/praca/sql-developer-warszawa,oferta,1003260568?s=1d2c2faa&searchId=MTcxMjMzMjUxNDQzNy45OTYz'),
(1003260720,20198587,'Senior IT Software Specialist','2024-04-05 00:00:00','2024-04-05 15:55:28','Pełny etat','','Starszy specjalista (Senior), Ekspert','','https://www.pracuj.pl/praca/senior-it-software-specialist-warszawa-emilii-plater-53,oferta,1003260720?s=1d2c2faa&searchId=MTcxMjMzMjUxNDQzNy45OTYz'),
(1003260729,20093617,'QA Engineer','2024-04-05 00:00:00','2024-04-05 15:55:27','Pełny etat','','Specjalista (Mid / Regular)','10 000–19 320 zł / mies. (zal. od umowy)','https://www.pracuj.pl/praca/qa-engineer-warszawa,oferta,1003260729?s=1d2c2faa&searchId=MTcxMjMzMjUxNDQzNy45OTYz'),
(1003261232,20203737,'Test Automation Engineer','2024-04-05 00:00:00','2024-04-05 15:55:26','Pełny etat','','Specjalista (Mid / Regular), Starszy specjalista (Senior)','80–120 zł netto (+ VAT) / godz.','https://www.pracuj.pl/praca/test-automation-engineer-warszawa-prosta-67,oferta,1003261232?s=1d2c2faa&searchId=MTcxMjMzMjUxNDQzNy45OTYz'),
(1003261772,20007649,'Tester automatyzujący C#','2024-04-05 00:00:00','2024-04-05 15:55:24','Pełny etat','','Starszy specjalista (Senior)','16 000–20 000 zł netto (+ VAT) / mies.','https://www.pracuj.pl/praca/tester-automatyzujacy-c%23-warszawa,oferta,1003261772?s=1d2c2faa&searchId=MTcxMjMzMjUxNDQzNy45OTYz'),
(1003261776,20007649,'Tester manualny','2024-04-05 00:00:00','2024-04-05 15:55:24','Pełny etat','','Młodszy specjalista (Junior)','10 000–13 000 zł netto (+ VAT) / mies.','https://www.pracuj.pl/praca/tester-manualny-warszawa,oferta,1003261776?s=1d2c2faa&searchId=MTcxMjMzMjUxNDQzNy45OTYz'),
(1003262814,20192785,'Tester automatyzujący','2024-04-08 00:00:00','2024-04-09 10:21:02','Pełny etat','','Specjalista (Mid / Regular), Starszy specjalista (Senior)','18 000–25 000 zł netto (+ VAT) / mies.','https://www.pracuj.pl/praca/tester-automatyzujacy-warszawa-plac-trzech-krzyzy-10,oferta,1003262814?s=1d2c2faa&searchId=MTcxMjY1ODAyNDQ0NC43NTc='),
(1003265207,20294386,'Administrator systemów IT (od młodszego do głównego)','2024-04-08 00:00:00','2024-04-09 10:20:45','Pełny etat','','Specjalista (Mid / Regular), Starszy specjalista (Senior)','','https://www.pracuj.pl/praca/administrator-systemow-it-od-mlodszego-do-glownego-warszawa,oferta,1003265207?s=1d2c2faa&searchId=MTcxMjY1ODAyNDQ0NC43NTc='),
(1003265369,20127199,'Analityk biznesowy - tester','2024-04-08 00:00:00','2024-04-09 10:20:44','Pełny etat','','Specjalista (Mid / Regular)','','https://www.pracuj.pl/praca/analityk-biznesowy-tester-warszawa,oferta,1003265369?s=1d2c2faa&searchId=MTcxMjY1ODAyNDQ0NC43NTc='),
(1003266012,1074157434,'Starszy tester / testerka oprogramowania','2024-04-08 00:00:00','2024-04-09 10:20:38','Pełny etat','','Starszy specjalista (Senior)','50–80 zł netto (+ VAT) / godz.','https://www.pracuj.pl/praca/starszy-tester-testerka-oprogramowania-warszawa,oferta,1003266012?s=1d2c2faa&searchId=MTcxMjY1ODAyNDQ0NC43NTc='),
(1003266988,20008108,'Tester Automatyzujący','2024-04-09 00:00:00','2024-04-09 10:20:35','Pełny etat','','Starszy specjalista (Senior)','120–140 zł netto (+ VAT) / godz.','https://www.pracuj.pl/praca/tester-automatyzujacy-warszawa,oferta,1003266988?s=1d2c2faa&searchId=MTcxMjY1ODAyNDQ0NC43NTc='),
(1003267541,20151789,'Data Quality Engineer','2024-04-09 00:00:00','2024-04-09 13:05:22','Pełny etat','','Specjalista (Mid / Regular)','150–190 zł netto (+ VAT) / godz.','https://www.pracuj.pl/praca/data-quality-engineer-warszawa-mokotowska-49,oferta,1003267541?s=1d2c2faa&searchId=MTcxMjY2NzkxMzQzOC4xNjA0'),
(1003267829,16068023,'QA Engineer','2024-04-09 00:00:00','2024-04-09 13:05:21','Pełny etat','','Specjalista (Mid / Regular)','','https://www.pracuj.pl/praca/qa-engineer-warszawa-jana-olbrachta-94,oferta,1003267829?s=1d2c2faa&searchId=MTcxMjY2NzkxMzQzOC4xNjA0'),
(1003267841,1074015835,'QA Engineer (Manual Tester)','2024-04-09 00:00:00','2024-04-09 13:05:21','Pełny etat','','Specjalista (Mid / Regular)','','https://www.pracuj.pl/praca/qa-engineer-manual-tester-warszawa-aleje-jerozolimskie-132,oferta,1003267841?s=1d2c2faa&searchId=MTcxMjY2NzkxMzQzOC4xNjA0'),
(1003267851,1074015835,'Test Automation Engineer (QA)','2024-04-09 00:00:00','2024-04-09 13:05:20','Pełny etat','','Specjalista (Mid / Regular)','','https://www.pracuj.pl/praca/test-automation-engineer-qa-warszawa-aleje-jerozolimskie-132,oferta,1003267851?s=1d2c2faa&searchId=MTcxMjY2NzkxMzQzOC4xNjA0'),
(1003268115,20426567,'Ekspert / Programista Hurtowni Danych','2024-04-09 00:00:00','2024-04-09 13:05:19','Pełny etat','','Starszy specjalista (Senior)','160–200 zł netto (+ VAT) / godz.','https://www.pracuj.pl/praca/ekspert-programista-hurtowni-danych-warszawa,oferta,1003268115?s=1d2c2faa&searchId=MTcxMjY2NzkxMzQzOC4xNjA0'),
(1003268547,20114475,'Specjalistka / Specjalista w Wydziale Zarządzania Procesami','2024-04-09 00:00:00','2024-04-09 14:00:20','Pełny etat','','Specjalista (Mid / Regular)','','https://www.pracuj.pl/praca/specjalistka-specjalista-w-wydziale-zarzadzania-procesami-warszawa-rondo-daszynskiego-2c,oferta,1003268547?s=1d2c2faa&searchId=MTcxMjY3MTIxNDEzNS4zMjU3'),
(1003268659,18798869,'Tester','2024-04-09 00:00:00','2024-04-09 14:00:20','Pełny etat','','Specjalista (Mid / Regular), Młodszy specjalista (Junior)','5 000–8 000 zł netto (+ VAT) / mies.','https://www.pracuj.pl/praca/tester-warszawa-domaniewska-42,oferta,1003268659?s=1d2c2faa&searchId=MTcxMjY3MTIxNDEzNS4zMjU3'),
(1003269174,20109980,'Administrator aplikacji i systemów','2024-04-10 00:00:00','2024-04-10 12:00:24','Pełny etat','','Specjalista (Mid / Regular), Starszy specjalista (Senior)','130–150 zł netto (+ VAT) / godz.','https://www.pracuj.pl/praca/administrator-aplikacji-i-systemow-warszawa-aleje-jerozolimskie-125,oferta,1003269174?s=1d2c2faa&searchId=MTcxMjc1MDQxMzQyNi41NzM1'),
(1003269393,18799000,'Senior System Integration Test Engineer','2024-04-10 00:00:00','2024-04-10 12:00:24','Pełny etat','','Starszy specjalista (Senior)','15 000–19 000 zł brutto / mies.','https://www.pracuj.pl/praca/senior-system-integration-test-engineer-gdynia-luzycka-8c,oferta,1003269393?s=1d2c2faa&searchId=MTcxMjc1MDQxMzQyNi41NzM1'),
(1003270206,20191975,'Tester','2024-04-10 00:00:00','2024-04-10 12:00:21','Pełny etat','','Specjalista (Mid / Regular)','','https://www.pracuj.pl/praca/tester-warszawa,oferta,1003270206?s=1d2c2faa&searchId=MTcxMjc1MDQxMzQyNi41NzM1'),
(1003270733,20008533,'Telecom Network Penetration Tester','2024-04-10 00:00:00','2024-04-10 12:00:20','Pełny etat','','Specjalista (Mid / Regular)','','https://www.pracuj.pl/praca/telecom-network-penetration-tester-warszawa-marynarska-12,oferta,1003270733?s=1d2c2faa&searchId=MTcxMjc1MDQxMzQyNi41NzM1'),
(1003271017,20144667,'Test Engineer','2024-04-18 00:00:00','2024-04-20 12:00:52','Pełny etat','','Specjalista (Mid / Regular), Starszy specjalista (Senior)','','https://www.pracuj.pl/praca/test-engineer-warszawa,oferta,1003271017?s=1d2c2faa&searchId=MTcxMzYxNDQxNjY1OS41MDgz'),
(1003271220,20397410,'Quality Assurance Engineer','2024-04-17 00:00:00','2024-04-20 12:00:58','Pełny etat','','Specjalista (Mid / Regular)','','https://www.pracuj.pl/praca/quality-assurance-engineer-warszawa-zabkowska-31,oferta,1003271220?s=1d2c2faa&searchId=MTcxMzYxNDQxNjY1OS41MDgz'),
(1003271444,18797102,'Tester','2024-04-15 00:00:00','2024-04-20 12:01:05','Pełny etat','','Specjalista (Mid / Regular)','','https://www.pracuj.pl/praca/tester-warszawa-annopol-17a,oferta,1003271444?s=1d2c2faa&searchId=MTcxMzYxNDQxNjY1OS41MDgz'),
(1003271513,1074087191,'Mid Automation Tester','2024-04-17 00:00:00','2024-04-20 12:00:56','Pełny etat','','Specjalista (Mid / Regular)','16 000–21 000 zł netto (+ VAT) / mies.','https://www.pracuj.pl/praca/mid-automation-tester-warszawa,oferta,1003271513?s=1d2c2faa&searchId=MTcxMzYxNDQxNjY1OS41MDgz'),
(1003271773,20013748,'Senior Business Consultant / Project Manager','2024-04-15 00:00:00','2024-04-20 12:01:05','Pełny etat','','Starszy specjalista (Senior)','','https://www.pracuj.pl/praca/senior-business-consultant-project-manager-krakow,oferta,1003271773?s=1d2c2faa&searchId=MTcxMzYxNDQxNjY1OS41MDgz'),
(1003271813,1074074513,'QA Engineer','2024-04-17 00:00:00','2024-04-20 12:00:56','Pełny etat','','Starszy specjalista (Senior)','16 000–19 000 zł / mies. (zal. od umowy)','https://www.pracuj.pl/praca/qa-engineer-warszawa,oferta,1003271813?s=1d2c2faa&searchId=MTcxMzYxNDQxNjY1OS41MDgz'),
(1003273366,20144667,'Senior Test Engineer','2024-04-19 00:00:00','2024-04-20 12:00:45','Pełny etat','','Starszy specjalista (Senior)','','https://www.pracuj.pl/praca/senior-test-engineer-warszawa,oferta,1003273366?s=1d2c2faa&searchId=MTcxMzYxNDQxNjY1OS41MDgz'),
(1003273904,20090908,'Test Automation Engineer (Playwright)','2024-04-16 00:00:00','2024-04-20 12:01:03','Pełny etat','','Specjalista (Mid / Regular), Starszy specjalista (Senior)','90–120 zł netto (+ VAT) / godz.','https://www.pracuj.pl/praca/test-automation-engineer-playwright-warszawa-woloska-22,oferta,1003273904?s=1d2c2faa&searchId=MTcxMzYxNDQxNjY1OS41MDgz'),
(1003274304,1074051394,'IT Manager - Team Leader','2024-04-18 00:00:00','2024-04-20 12:00:51','Pełny etat','','Kierownik / Koordynator, Menedżer','','https://www.pracuj.pl/praca/it-manager-team-leader-warszawa,oferta,1003274304?s=1d2c2faa&searchId=MTcxMzYxNDQxNjY1OS41MDgz'),
(1003274443,18799528,'QA Manual Tester','2024-04-16 00:00:00','2024-04-20 12:01:02','Pełny etat','','Specjalista (Mid / Regular)','','https://www.pracuj.pl/praca/qa-manual-tester-warszawa-inflancka-4c,oferta,1003274443?s=1d2c2faa&searchId=MTcxMzYxNDQxNjY1OS41MDgz'),
(1003274474,20048200,'Specjalista ds. informatycznych – Analityk','2024-04-11 00:00:00','2024-04-20 12:01:06','Pełny etat','','Specjalista (Mid / Regular)','','https://www.pracuj.pl/praca/specjalista-ds-informatycznych-analityk-warszawa-slowicza-32,oferta,1003274474?s=1d2c2faa&searchId=MTcxMzYxNDQxNjY1OS41MDgz'),
(1003275501,20007649,'Programista Hurtowni Danych','2024-04-20 00:00:00','2024-04-20 12:00:30','Pełny etat','','Starszy specjalista (Senior)','23 000–28 000 zł netto (+ VAT) / mies.','https://www.pracuj.pl/praca/programista-hurtowni-danych-warszawa,oferta,1003275501?s=1d2c2faa&searchId=MTcxMzYxNDQxNjY1OS41MDgz'),
(1003275511,20007649,'Tester manualny','2024-04-20 00:00:00','2024-04-20 12:00:29','Pełny etat','','Specjalista (Mid / Regular)','15 000–18 000 zł netto (+ VAT) / mies.','https://www.pracuj.pl/praca/tester-manualny-warszawa,oferta,1003275511?s=1d2c2faa&searchId=MTcxMzYxNDQxNjY1OS41MDgz'),
(1003277826,15733901,'Digital IT Quality Assurance Specialist','2024-04-19 00:00:00','2024-04-20 12:00:33','Pełny etat','','Specjalista (Mid / Regular)','','https://www.pracuj.pl/praca/digital-it-quality-assurance-specialist-warszawa-salsy-2,oferta,1003277826?s=1d2c2faa&searchId=MTcxMzYxNDQxNjY1OS41MDgz'),
(1003278379,3339533,'Kierownik Obszaru Telekomunikacji','2024-04-19 00:00:00','2024-04-20 12:00:33','Pełny etat','','Kierownik / Koordynator','','https://www.pracuj.pl/praca/kierownik-obszaru-telekomunikacji-warszawa-stanislawa-zaryna-2a,oferta,1003278379?s=1d2c2faa&searchId=MTcxMzYxNDQxNjY1OS41MDgz'),
(1003278827,20022606,'Tester Automatyczny','2024-04-20 00:00:00','2024-04-20 12:00:30','Pełny etat','','Specjalista (Mid / Regular), Starszy specjalista (Senior)','','https://www.pracuj.pl/praca/tester-automatyczny-warszawa-aleje-jerozolimskie-179,oferta,1003278827?s=1d2c2faa&searchId=MTcxMzYxNDQxNjY1OS41MDgz'),
(1003279738,20192785,'Tester manualny','2024-04-18 00:00:00','2024-04-20 12:00:53','Pełny etat','','Specjalista (Mid / Regular)','','https://www.pracuj.pl/praca/tester-manualny-warszawa-plac-trzech-krzyzy-10,oferta,1003279738?s=1d2c2faa&searchId=MTcxMzYxNDQxNjY1OS41MDgz'),
(1003280514,20251580,'QA Engineer Intern (3 months)','2024-04-19 00:00:00','2024-04-20 12:00:44','Pełny etat','','Praktykant / Stażysta','','https://www.pracuj.pl/praca/qa-engineer-intern-3-months-warszawa-pulawska-182,oferta,1003280514?s=1d2c2faa&searchId=MTcxMzYxNDQxNjY1OS41MDgz'),
(1003281271,20048614,'Senior Functional & Automation Tester/QA','2024-04-19 00:00:00','2024-04-20 12:00:37','Pełny etat','','Starszy specjalista (Senior)','120–145 zł netto (+ VAT) / godz.','https://www.pracuj.pl/praca/senior-functional-automation-tester-qa-warszawa,oferta,1003281271?s=1d2c2faa&searchId=MTcxMzYxNDQxNjY1OS41MDgz'),
(1003281347,1074148163,'QA Engineer','2024-04-15 00:00:00','2024-04-20 12:01:05','Pełny etat','','Specjalista (Mid / Regular), Starszy specjalista (Senior)','180 zł netto (+ VAT) / godz.','https://www.pracuj.pl/praca/qa-engineer-warszawa,oferta,1003281347?s=1d2c2faa&searchId=MTcxMzYxNDQxNjY1OS41MDgz'),
(1003283929,12838313,'Software Test Engineer','2024-04-16 00:00:00','2024-04-20 12:01:04','Pełny etat','','Specjalista (Mid / Regular)','5 000–8 000 zł / mies. (zal. od umowy)','https://www.pracuj.pl/praca/software-test-engineer-warszawa-zwirki-i-wigury-18a,oferta,1003283929?s=1d2c2faa&searchId=MTcxMzYxNDQxNjY1OS41MDgz'),
(1003284321,20062259,'IT Automation tester','2024-04-19 00:00:00','2024-04-20 12:00:38','Pełny etat','','Specjalista (Mid / Regular)','','https://www.pracuj.pl/praca/it-automation-tester-gdansk-norwida-1,oferta,1003284321?s=1d2c2faa&searchId=MTcxMzYxNDQxNjY1OS41MDgz'),
(1003284604,1074074513,'Automation Tester','2024-04-19 00:00:00','2024-04-20 12:00:35','Pełny etat','','Starszy specjalista (Senior)','','https://www.pracuj.pl/praca/automation-tester-poznan,oferta,1003284604?s=1d2c2faa&searchId=MTcxMzYxNDQxNjY1OS41MDgz'),
(1003285421,20075940,'Senior Automation Test Engineer','2024-04-20 00:00:00','2024-04-20 12:00:31','Pełny etat','','Starszy specjalista (Senior), Ekspert','130–160 zł netto (+ VAT) / godz.','https://www.pracuj.pl/praca/senior-automation-test-engineer-krakow-zablocie-43a,oferta,1003285421?s=1d2c2faa&searchId=MTcxMzYxNDQxNjY1OS41MDgz'),
(1003287219,20005890,'A/B Testing Specialist','2024-04-17 00:00:00','2024-04-20 12:00:57','Pełny etat','','Specjalista (Mid / Regular)','12 000–17 000 zł netto (+ VAT) / mies.','https://www.pracuj.pl/praca/a-b-testing-specialist-warszawa,oferta,1003287219?s=1d2c2faa&searchId=MTcxMzYxNDQxNjY1OS41MDgz'),
(1003287260,20114475,'Tester / Testerka Oprogramowania','2024-04-17 00:00:00','2024-04-20 12:00:57','Pełny etat','','Specjalista (Mid / Regular)','','https://www.pracuj.pl/praca/tester-testerka-oprogramowania-warszawa-rondo-daszynskiego-2c,oferta,1003287260?s=1d2c2faa&searchId=MTcxMzYxNDQxNjY1OS41MDgz'),
(1003288412,5070943,'Kierownik Działu Zapewnienia Jakości IT','2024-04-18 00:00:00','2024-04-20 12:00:55','Pełny etat','','Kierownik / Koordynator','','https://www.pracuj.pl/praca/kierownik-dzialu-zapewnienia-jakosci-it-warszawa-aleje-jerozolimskie-96,oferta,1003288412?s=1d2c2faa&searchId=MTcxMzYxNDQxNjY1OS41MDgz'),
(1003288444,20196842,'Lead ServiceNow Tester','2024-04-18 00:00:00','2024-04-20 12:00:55','Pełny etat','','Starszy specjalista (Senior)','','https://www.pracuj.pl/praca/lead-servicenow-tester-warszawa-inflancka-4a,oferta,1003288444?s=1d2c2faa&searchId=MTcxMzYxNDQxNjY1OS41MDgz'),
(1003288445,20196842,'ServiceNow Tester','2024-04-18 00:00:00','2024-04-20 12:00:55','Pełny etat','','Specjalista (Mid / Regular)','','https://www.pracuj.pl/praca/servicenow-tester-warszawa-inflancka-4a,oferta,1003288445?s=1d2c2faa&searchId=MTcxMzYxNDQxNjY1OS41MDgz'),
(1003288758,20268957,'QA Engineer','2024-04-18 00:00:00','2024-04-20 12:00:54','Pełny etat','','Specjalista (Mid / Regular), Starszy specjalista (Senior)','14 000–26 000 zł / mies. (zal. od umowy)','https://www.pracuj.pl/praca/qa-engineer-katowice-porcelanowa-23,oferta,1003288758?s=1d2c2faa&searchId=MTcxMzYxNDQxNjY1OS41MDgz'),
(1003289079,37,'Quality Assurance Engineer – Software Engineering','2024-04-18 00:00:00','2024-04-20 12:00:54','Pełny etat','','Specjalista (Mid / Regular)','','https://www.pracuj.pl/praca/quality-assurance-engineer-software-engineering-warszawa-inflancka-4a,oferta,1003289079?s=1d2c2faa&searchId=MTcxMzYxNDQxNjY1OS41MDgz'),
(1003289404,20109980,'Performance Tester','2024-04-20 00:00:00','2024-04-20 12:00:28','Pełny etat','','Specjalista (Mid / Regular)','110–125 zł netto (+ VAT) / godz.','https://www.pracuj.pl/praca/performance-tester-warszawa,oferta,1003289404?s=1d2c2faa&searchId=MTcxMzYxNDQxNjY1OS41MDgz'),
(1003290475,20066298,'Software Developer in Test','2024-04-18 00:00:00','2024-04-20 12:00:52','Pełny etat','','Specjalista (Mid / Regular), Starszy specjalista (Senior)','165–200 zł netto (+ VAT) / godz.','https://www.pracuj.pl/praca/software-developer-in-test-krakow,oferta,1003290475?s=1d2c2faa&searchId=MTcxMzYxNDQxNjY1OS41MDgz'),
(1003290684,20055171,'QA Engineer','2024-04-18 00:00:00','2024-04-20 12:00:53','Pełny etat','','Specjalista (Mid / Regular)','','https://www.pracuj.pl/praca/qa-engineer-poznan,oferta,1003290684?s=1d2c2faa&searchId=MTcxMzYxNDQxNjY1OS41MDgz'),
(1003291252,1074048667,'Manual Tester','2024-04-19 00:00:00','2024-04-20 12:00:47','Pełny etat','','Specjalista (Mid / Regular)','10 000–14 000 zł netto (+ VAT) / mies.','https://www.pracuj.pl/praca/manual-tester-warszawa-odkryta-38b,oferta,1003291252?s=1d2c2faa&searchId=MTcxMzYxNDQxNjY1OS41MDgz'),
(1003291617,519,'Senior Test Automation Engineer','2024-04-19 00:00:00','2024-04-20 12:00:46','Pełny etat','','Starszy specjalista (Senior)','','https://www.pracuj.pl/praca/senior-test-automation-engineer-warszawa,oferta,1003291617?s=1d2c2faa&searchId=MTcxMzYxNDQxNjY1OS41MDgz'),
(1003291639,13894778,'QA Engineer','2024-04-19 00:00:00','2024-04-20 12:00:46','Pełny etat','','Specjalista (Mid / Regular)','','https://www.pracuj.pl/praca/qa-engineer-warszawa-plac-trzech-krzyzy-10,oferta,1003291639?s=1d2c2faa&searchId=MTcxMzYxNDQxNjY1OS41MDgz'),
(1003292114,20002894,'Młodszy tester oprogramowania - Dokumentalista','2024-04-19 00:00:00','2024-04-20 12:00:45','Pełny etat','','Specjalista (Mid / Regular), Młodszy specjalista (Junior)','','https://www.pracuj.pl/praca/mlodszy-tester-oprogramowania-dokumentalista-warszawa-adama-branickiego-13,oferta,1003292114?s=1d2c2faa&searchId=MTcxMzYxNDQxNjY1OS41MDgz'),
(1003292142,20052552,'Analityk Biznesowo-Systemowy - Wydział Architektury i Analizy Biznesowej','2024-04-19 00:00:00','2024-04-20 12:00:45','Pełny etat','','Starszy specjalista (Senior)','','https://www.pracuj.pl/praca/analityk-biznesowo-systemowy-wydzial-architektury-i-analizy-biznesowej-warszawa-dubois-5a,oferta,1003292142?s=1d2c2faa&searchId=MTcxMzYxNDQxNjY1OS41MDgz'),
(1003292835,20052552,'Analityk Biznesowy w Wydziale Architektury i Analizy Biznesowej','2024-04-19 00:00:00','2024-04-20 12:00:40','Pełny etat','','Specjalista (Mid / Regular), Starszy specjalista (Senior)','','https://www.pracuj.pl/praca/analityk-biznesowy-w-wydziale-architektury-i-analizy-biznesowej-warszawa-dubois-5a,oferta,1003292835?s=1d2c2faa&searchId=MTcxMzYxNDQxNjY1OS41MDgz'),
(1003293331,20307029,'MSD 365 F&O Functional Consultant - Tester','2024-04-19 00:00:00','2024-04-20 12:00:36','Pełny etat','','Specjalista (Mid / Regular)','','https://www.pracuj.pl/praca/msd-365-f-o-functional-consultant-tester-warszawa,oferta,1003293331?s=1d2c2faa&searchId=MTcxMzYxNDQxNjY1OS41MDgz'),
(1003293515,1074122419,'Tester Manualny','2024-04-19 00:00:00','2024-04-20 12:00:35','Pełny etat','','Specjalista (Mid / Regular)','70–80 zł netto (+ VAT) / godz.','https://www.pracuj.pl/praca/tester-manualny-warszawa-aleje-jerozolimskie-96,oferta,1003293515?s=1d2c2faa&searchId=MTcxMzYxNDQxNjY1OS41MDgz'),
(1003293661,20109980,'Tester','2024-04-19 00:00:00','2024-04-20 12:00:34','Pełny etat','','Specjalista (Mid / Regular)','60–80 zł netto (+ VAT) / godz.','https://www.pracuj.pl/praca/tester-warszawa-aleje-jerozolimskie-125-127,oferta,1003293661?s=1d2c2faa&searchId=MTcxMzYxNDQxNjY1OS41MDgz');


INSERT INTO `tag` VALUES
(197,'.NET'),
(270,'A/B testing'),
(94,'Active Directory'),
(148,'Adobe Illustrator'),
(109,'agile'),
(240,'Airflow'),
(241,'Android'),
(146,'Android Studio'),
(174,'Angular'),
(153,'Ansible'),
(99,'Apache'),
(121,'Apache Spark'),
(21,'API'),
(238,'API automation'),
(74,'Appium'),
(69,'ASP.NET'),
(12,'ASPICE'),
(113,'AssertJ'),
(212,'Aura Framework'),
(224,'Automated testing'),
(13,'AUTOSAR'),
(102,'AV Security Suite'),
(93,'AWS'),
(205,'AWS Glue'),
(214,'Azure DataBricks'),
(215,'Azure DataFactory'),
(232,'Azure DevOps'),
(77,'Bamboo'),
(61,'Bash'),
(233,'BDD'),
(131,'BE Testing'),
(48,'BitBucket'),
(173,'Blazor'),
(116,'BPMN'),
(43,'BPMS'),
(186,'BrowserStack'),
(196,'Bugzilla'),
(124,'Business Intelligence'),
(68,'C#'),
(171,'C#.NET'),
(9,'C++'),
(29,'CANalyzer'),
(30,'CANape'),
(3,'CANoe'),
(4,'CAPL'),
(32,'CAPL scripting'),
(248,'CentOS'),
(226,'Certyfikat OSCP'),
(145,'Charles'),
(234,'Chrome DevTools'),
(31,'CI/CD'),
(7,'CI/CD integration'),
(255,'Cisco'),
(35,'Confluence'),
(60,'CSS'),
(49,'Cucumber'),
(104,'Cucumber.js'),
(88,'Cypress'),
(229,'CypressJS'),
(123,'Data Warehouse'),
(257,'DB Visualiser'),
(161,'Defender'),
(231,'DevTools'),
(96,'DHCP'),
(70,'Django'),
(95,'DNS'),
(90,'Docker'),
(28,'dSPACE'),
(107,'e2e testing'),
(26,'ECU-Test'),
(103,'EDR'),
(127,'Elasticsearch'),
(73,'Enterprise Architect'),
(167,'Enterprise Architek'),
(117,'Enterprise Architekt'),
(27,'ETAS'),
(188,'ETL'),
(245,'Excel'),
(130,'FE Testing'),
(44,'Fenix/IVR'),
(40,'Ferryt'),
(41,'FINO'),
(50,'Gherkin'),
(46,'Git'),
(85,'GitHub'),
(86,'GitHub Actions'),
(91,'GitLab'),
(119,'Go'),
(156,'Google Cloud Platform'),
(92,'Grafana'),
(5,'HIL'),
(180,'HP ALM'),
(59,'HTML'),
(225,'HTML/CSS'),
(159,'HTML5'),
(259,'HTTP'),
(158,'HTTP/2'),
(10,'I2C'),
(136,'IBM SPSS CDS'),
(135,'IBM SPSS Modeler'),
(98,'IIS'),
(42,'Infoserwis'),
(187,'IntelliJ'),
(137,'IVR'),
(18,'Java'),
(57,'Java SE'),
(19,'JavaScript'),
(183,'JBehave'),
(63,'JDBC'),
(17,'Jenkins'),
(34,'Jira'),
(105,'JMeter'),
(209,'JS'),
(84,'JSON'),
(112,'JUnit'),
(170,'JUnit/TestNg'),
(53,'Kafka'),
(220,'Karate'),
(54,'Kibana'),
(191,'Kotlin'),
(250,'KQL'),
(114,'Kubernetes'),
(184,'LabView'),
(143,'Laravel'),
(6,'Lauterbach'),
(223,'Lean Management'),
(211,'Lightning'),
(25,'Lines'),
(110,'Linux'),
(207,'Liquibase'),
(133,'Liquidbase'),
(139,'LTE/5G'),
(132,'Manual Testing'),
(76,'Maven'),
(247,'MDM'),
(126,'Microsoft Azure'),
(164,'Microsoft Power BI'),
(55,'Microsoft SQL Server'),
(67,'MongoDB'),
(38,'MS SQL'),
(65,'MSSQL'),
(236,'MSTest'),
(271,'multivariate testing'),
(64,'MySQL'),
(157,'Next.JS'),
(179,'NightWatch'),
(106,'Node.js'),
(235,'NUnit'),
(272,'NVIDIA stack'),
(115,'Openshift.'),
(75,'OpenText'),
(269,'Optimizely'),
(2,'Oracle'),
(243,'OS'),
(202,'OWASP'),
(253,'Performance Testing'),
(267,'Performing tests'),
(142,'PHP'),
(79,'PL/SQL'),
(87,'Playwright'),
(199,'postgres'),
(66,'PostgreSQL'),
(47,'Postman'),
(169,'Postman/RestAssured'),
(125,'Power Bi'),
(256,'Protractor'),
(147,'py.test'),
(129,'Pyspark'),
(151,'pyTest'),
(8,'Python'),
(261,'QA'),
(263,'QA methodologies'),
(78,'qTest'),
(222,'RabbitMQ'),
(178,'RALLY'),
(228,'React'),
(154,'React Native'),
(155,'React.js'),
(192,'Redis'),
(36,'RedMine'),
(39,'REST'),
(24,'REST API'),
(262,'REST API Testing'),
(200,'Rest Assured'),
(221,'RestAPI'),
(239,'RestAssured'),
(182,'Robot Framework'),
(206,'Rust'),
(165,'S/4HANA'),
(210,'Salesforce'),
(213,'Salesforce Workbench'),
(122,'SAP'),
(166,'SAP ABAP'),
(120,'Scala'),
(45,'Scrum'),
(219,'Selenide'),
(20,'Selenium'),
(168,'Selenium WebDriver'),
(138,'Selenium/Selenide'),
(162,'Sentry'),
(62,'Shell'),
(101,'SIEM'),
(185,'Slack'),
(83,'SOAP'),
(22,'SoapUI'),
(204,'Spark'),
(216,'SpecFlow'),
(11,'SPI'),
(149,'Spine 2D'),
(251,'SPL'),
(111,'Spring Boot'),
(208,'Spring/AOP'),
(258,'SpringBoot'),
(1,'SQL'),
(246,'SSIS'),
(72,'SVN'),
(82,'Swagger'),
(15,'SWE5'),
(16,'SWE6'),
(190,'Swift'),
(58,'SWING'),
(141,'T-SQL'),
(128,'Talend'),
(217,'TeamCity'),
(140,'telecommunication'),
(100,'Terminal Services'),
(152,'Terraform'),
(108,'test automation'),
(268,'Test Plan'),
(264,'Test planning'),
(265,'Test scenarios'),
(266,'Test strategies'),
(260,'Testing'),
(37,'TestLink'),
(198,'TestNG'),
(218,'testowanie oprogramowania'),
(81,'TestRail'),
(227,'Testy OT'),
(195,'TFS'),
(242,'Tizen'),
(203,'TOGAF'),
(33,'Tosca'),
(160,'Trustee'),
(252,'tSQL'),
(89,'TypeScript'),
(249,'Ubuntu'),
(193,'UI path'),
(71,'UML'),
(163,'UNIX'),
(194,'VBA'),
(172,'Visual Studio'),
(97,'VMware'),
(14,'vTESTstudio'),
(144,'Vue.js'),
(176,'WCF'),
(52,'Web Services'),
(254,'Web Services (SOAP)'),
(237,'Webdriverio'),
(201,'WebServices'),
(150,'Windows'),
(189,'Windows Server'),
(177,'WIX'),
(244,'Word'),
(175,'WPF'),
(118,'WSO2'),
(23,'XML'),
(51,'XPath'),
(56,'Xray'),
(230,'YAML'),
(80,'YouTrack'),
(181,'Zephyr'),
(134,'znajomość regulacji i procesów AML/CFT');


INSERT INTO `joboffer_tag` VALUES
(10535652,1),
(10535652,34),
(10535652,56),
(10535652,68),
(10535652,114),
(10535652,123),
(10535652,124),
(10535652,125),
(10535652,126),
(10535652,127),
(10535652,128),
(10535652,129),
(1003173113,19),
(1003173113,59),
(1003173113,60),
(1003173113,110),
(1003173147,17),
(1003173147,19),
(1003173147,46),
(1003173147,59),
(1003173147,60),
(1003173147,88),
(1003173147,90),
(1003173147,151),
(1003173147,152),
(1003173147,153),
(1003173535,1),
(1003173535,17),
(1003173535,18),
(1003173535,19),
(1003173535,23),
(1003173535,104),
(1003173535,191),
(1003173535,200),
(1003173535,201),
(1003173939,184),
(1003174604,2),
(1003174604,66),
(1003174604,71),
(1003174604,73),
(1003174604,116),
(1003174604,199),
(1003174842,34),
(1003174842,56),
(1003175724,73),
(1003175724,203),
(1003176257,46),
(1003176257,64),
(1003176257,142),
(1003176257,143),
(1003176257,144),
(1003177551,17),
(1003177551,18),
(1003177551,20),
(1003177551,46),
(1003177551,76),
(1003177571,18),
(1003177571,39),
(1003177571,54),
(1003177571,83),
(1003177571,84),
(1003177571,85),
(1003177571,86),
(1003177604,1),
(1003177604,34),
(1003177604,47),
(1003177604,56),
(1003177604,80),
(1003177604,81),
(1003177604,82),
(1003179373,1),
(1003180261,1),
(1003180261,24),
(1003180261,71),
(1003180261,73),
(1003180458,34),
(1003180491,1),
(1003180491,22),
(1003180491,46),
(1003180491,47),
(1003180491,53),
(1003180491,54),
(1003180491,55),
(1003180491,56),
(1003180638,1),
(1003180638,79),
(1003180663,1),
(1003180663,8),
(1003180663,20),
(1003180663,112),
(1003180663,126),
(1003180663,197),
(1003180663,198),
(1003180805,1),
(1003180805,22),
(1003180805,34),
(1003180805,35),
(1003180805,47),
(1003180805,53),
(1003180805,54),
(1003180805,55),
(1003180805,56),
(1003180944,148),
(1003180944,149),
(1003183092,1),
(1003183092,18),
(1003183092,20),
(1003183092,34),
(1003183092,35),
(1003183092,46),
(1003183667,202),
(1003183971,19),
(1003183971,20),
(1003183971,34),
(1003183971,47),
(1003183971,88),
(1003184373,1),
(1003184373,17),
(1003184373,47),
(1003184373,110),
(1003185724,1),
(1003185724,71),
(1003185724,79),
(1003186176,1),
(1003186176,22),
(1003186176,47),
(1003188132,8),
(1003188208,8),
(1003188208,17),
(1003188738,34),
(1003188738,195),
(1003188738,196),
(1003191133,19),
(1003191133,34),
(1003191133,46),
(1003191133,56),
(1003192227,1),
(1003193597,137),
(1003193628,1),
(1003193628,34),
(1003193628,35),
(1003193628,36),
(1003196821,2),
(1003196821,64),
(1003196821,66),
(1003196821,67),
(1003196821,110),
(1003196821,127),
(1003196821,189),
(1003196821,190),
(1003196821,191),
(1003196821,192),
(1003197066,1),
(1003197066,17),
(1003197066,18),
(1003197066,19),
(1003197066,46),
(1003197066,133),
(1003197731,1),
(1003197731,34),
(1003197731,188),
(1003198704,1),
(1003198704,34),
(1003198875,1),
(1003198875,18),
(1003198875,39),
(1003198875,47),
(1003198875,104),
(1003199022,19),
(1003199022,66),
(1003199022,87),
(1003199022,88),
(1003199022,89),
(1003199022,90),
(1003199022,91),
(1003199022,92),
(1003199022,93),
(1003199118,8),
(1003199118,18),
(1003199118,46),
(1003199118,49),
(1003199118,61),
(1003199118,110),
(1003199118,182),
(1003199118,183),
(1003199879,1),
(1003199879,8),
(1003199879,18),
(1003199879,189),
(1003199884,1),
(1003199884,34),
(1003200237,46),
(1003200237,64),
(1003200237,142),
(1003200237,143),
(1003200329,18),
(1003200329,19),
(1003200329,20),
(1003200329,21),
(1003200329,22),
(1003200329,23),
(1003200329,24),
(1003200329,25),
(1003201016,2),
(1003201016,17),
(1003201016,20),
(1003201016,34),
(1003201016,46),
(1003201016,66),
(1003201016,90),
(1003201016,178),
(1003202977,1),
(1003202977,17),
(1003202977,19),
(1003202977,20),
(1003202977,34),
(1003202977,36),
(1003202977,59),
(1003202977,60),
(1003203036,1),
(1003203190,1),
(1003203190,39),
(1003203190,49),
(1003203190,163),
(1003204139,19),
(1003204139,60),
(1003204139,158),
(1003204139,159),
(1003204146,8),
(1003204146,34),
(1003204146,46),
(1003205073,34),
(1003205073,35),
(1003205165,122),
(1003205179,160),
(1003205179,161),
(1003205179,162),
(1003205190,1),
(1003205198,8),
(1003205198,9),
(1003205198,18),
(1003205198,68),
(1003205198,89),
(1003205198,90),
(1003205198,93),
(1003205198,119),
(1003205198,120),
(1003205198,121),
(1003205204,19),
(1003205204,20),
(1003205204,22),
(1003205204,87),
(1003205204,88),
(1003205204,89),
(1003205258,122),
(1003205971,1),
(1003205971,39),
(1003205971,53),
(1003205971,71),
(1003205971,116),
(1003205971,117),
(1003205971,118),
(1003206459,1),
(1003206459,18),
(1003206459,20),
(1003206459,22),
(1003206459,39),
(1003206459,46),
(1003206459,47),
(1003206459,53),
(1003206459,55),
(1003206459,66),
(1003206459,87),
(1003206459,111),
(1003206459,112),
(1003206459,113),
(1003206459,114),
(1003206459,115),
(1003207132,1),
(1003207132,18),
(1003207249,31),
(1003207249,106),
(1003207249,107),
(1003207249,108),
(1003207249,109),
(1003207480,20),
(1003207480,22),
(1003207480,73),
(1003207480,82),
(1003207480,105),
(1003207788,94),
(1003207788,95),
(1003207788,96),
(1003207788,97),
(1003207788,98),
(1003207788,99),
(1003207788,100),
(1003207788,101),
(1003207788,102),
(1003207788,103),
(1003208573,1),
(1003208573,22),
(1003208573,34),
(1003208573,35),
(1003208573,47),
(1003208573,56),
(1003212372,1),
(1003212372,18),
(1003212372,19),
(1003212372,20),
(1003212372,51),
(1003212372,60),
(1003212372,179),
(1003212619,19),
(1003212619,60),
(1003212619,68),
(1003212619,69),
(1003212619,171),
(1003212619,172),
(1003212619,173),
(1003212619,174),
(1003212619,175),
(1003212619,176),
(1003212619,177),
(1003212649,1),
(1003212649,110),
(1003212649,150),
(1003213155,34),
(1003213155,35),
(1003213155,45),
(1003213180,71),
(1003213180,116),
(1003213180,167),
(1003213948,1),
(1003213948,2),
(1003213948,22),
(1003213948,36),
(1003213948,37),
(1003213948,38),
(1003213948,39),
(1003213948,45),
(1003214056,1),
(1003214056,22),
(1003214056,34),
(1003214056,47),
(1003214537,8),
(1003214537,19),
(1003214537,47),
(1003214537,87),
(1003214537,89),
(1003214537,145),
(1003214537,146),
(1003214537,147),
(1003214817,1),
(1003214817,2),
(1003215027,1),
(1003215027,24),
(1003215027,46),
(1003215027,83),
(1003215195,8),
(1003215195,46),
(1003215195,68),
(1003215195,141),
(1003215450,1),
(1003215450,17),
(1003215450,47),
(1003215450,110),
(1003215565,1),
(1003215565,110),
(1003215565,150),
(1003216576,1),
(1003216576,2),
(1003216576,22),
(1003216576,36),
(1003216576,37),
(1003216576,38),
(1003216576,39),
(1003216576,40),
(1003216576,41),
(1003216576,42),
(1003216576,43),
(1003216576,44),
(1003216576,45),
(1003217628,1),
(1003217628,8),
(1003217628,53),
(1003217628,90),
(1003217628,120),
(1003218582,22),
(1003218582,47),
(1003218639,1),
(1003218639,18),
(1003218639,59),
(1003218639,138),
(1003219715,33),
(1003219715,34),
(1003219715,35),
(1003220061,3),
(1003220061,4),
(1003220061,5),
(1003220061,6),
(1003220061,7),
(1003220061,8),
(1003220061,9),
(1003220061,10),
(1003220061,11),
(1003220061,12),
(1003220061,13),
(1003220061,14),
(1003220061,15),
(1003220061,16),
(1003220066,3),
(1003220066,4),
(1003220066,5),
(1003220066,6),
(1003220066,7),
(1003220066,8),
(1003220066,9),
(1003220066,10),
(1003220066,11),
(1003220066,12),
(1003220066,13),
(1003220066,14),
(1003220066,15),
(1003220066,16),
(1003220069,3),
(1003220069,4),
(1003220069,5),
(1003220069,6),
(1003220069,7),
(1003220069,8),
(1003220069,9),
(1003220069,10),
(1003220069,11),
(1003220069,12),
(1003220069,13),
(1003220069,14),
(1003220069,15),
(1003220069,16),
(1003220072,1),
(1003220072,2),
(1003220074,34),
(1003220074,35),
(1003221819,18),
(1003221819,49),
(1003221819,168),
(1003221819,169),
(1003221819,170),
(1003222095,34),
(1003222095,46),
(1003222095,56),
(1003222925,1),
(1003222925,34),
(1003222925,35),
(1003222925,164),
(1003223328,1),
(1003223328,135),
(1003223328,136),
(1003223424,1),
(1003223559,134),
(1003223742,20),
(1003223742,68),
(1003225874,20),
(1003225874,22),
(1003225874,23),
(1003225874,34),
(1003225874,39),
(1003225874,47),
(1003225874,48),
(1003225874,49),
(1003225874,50),
(1003225874,51),
(1003225874,52),
(1003227067,1),
(1003227067,193),
(1003227067,194),
(1003227976,122),
(1003227976,165),
(1003227976,166),
(1003228097,17),
(1003228097,18),
(1003228097,20),
(1003228097,39),
(1003228097,46),
(1003228097,47),
(1003228097,76),
(1003228097,77),
(1003228097,78),
(1003228833,1),
(1003228833,71),
(1003228833,79),
(1003229065,18),
(1003229080,19),
(1003229080,66),
(1003229080,106),
(1003229080,154),
(1003229080,155),
(1003229080,156),
(1003229080,157),
(1003231806,3),
(1003231806,8),
(1003231806,26),
(1003231806,27),
(1003231806,28),
(1003231806,29),
(1003231806,30),
(1003231806,31),
(1003231806,32),
(1003232356,1),
(1003232356,20),
(1003232356,34),
(1003232356,46),
(1003232356,47),
(1003232356,48),
(1003232356,64),
(1003232356,76),
(1003232356,142),
(1003232356,185),
(1003232356,186),
(1003232356,187),
(1003232842,34),
(1003232842,35),
(1003232842,36),
(1003232842,47),
(1003233857,2),
(1003233857,8),
(1003233857,19),
(1003233857,20),
(1003233857,22),
(1003233857,34),
(1003233857,46),
(1003233857,57),
(1003233857,58),
(1003233857,59),
(1003233857,60),
(1003233857,61),
(1003233857,62),
(1003233857,63),
(1003233857,64),
(1003233857,65),
(1003233857,66),
(1003233857,67),
(1003233857,68),
(1003233857,69),
(1003233857,70),
(1003233857,71),
(1003233857,72),
(1003233857,73),
(1003233857,74),
(1003233857,75),
(1003234518,20),
(1003234518,34),
(1003234518,56),
(1003234518,180),
(1003234518,181),
(1003234723,1),
(1003234723,2),
(1003234723,34),
(1003234723,109),
(1003234726,1),
(1003234726,24),
(1003234726,47),
(1003234726,54),
(1003234726,82),
(1003234726,130),
(1003234726,131),
(1003234726,132),
(1003234770,1),
(1003234770,2),
(1003234770,34),
(1003234770,109),
(1003236309,139),
(1003236309,140),
(1003236551,1),
(1003236551,17),
(1003236551,18),
(1003236551,20),
(1003236551,46),
(1003236840,1),
(1003237270,34),
(1003240179,8),
(1003240179,46),
(1003241929,8),
(1003241929,17),
(1003241929,18),
(1003241929,77),
(1003242266,19),
(1003242266,23),
(1003242266,39),
(1003242266,59),
(1003242266,83),
(1003242266,84),
(1003242402,1),
(1003242402,18),
(1003242402,20),
(1003242402,74),
(1003242402,105),
(1003242402,219),
(1003242402,220),
(1003242402,221),
(1003243202,73),
(1003243202,203),
(1003243264,1),
(1003243264,17),
(1003243264,18),
(1003243264,19),
(1003243264,23),
(1003243264,104),
(1003243264,191),
(1003243264,200),
(1003243264,201),
(1003244515,1),
(1003244515,8),
(1003244515,9),
(1003244515,18),
(1003244515,31),
(1003244515,68),
(1003244515,89),
(1003244515,93),
(1003244515,119),
(1003244515,120),
(1003244515,204),
(1003244515,205),
(1003244515,206),
(1003244816,218),
(1003245078,34),
(1003245078,47),
(1003245078,56),
(1003245078,80),
(1003245078,81),
(1003245078,82),
(1003245108,8),
(1003245108,9),
(1003245119,34),
(1003245119,46),
(1003245378,1),
(1003245378,19),
(1003245378,89),
(1003245378,126),
(1003245378,189),
(1003245476,20),
(1003245476,68),
(1003245476,216),
(1003245476,217),
(1003245513,1),
(1003245513,34),
(1003245513,35),
(1003245513,126),
(1003245513,214),
(1003245513,215),
(1003245525,19),
(1003245525,34),
(1003245525,47),
(1003245525,210),
(1003245525,211),
(1003245525,212),
(1003245525,213),
(1003246070,46),
(1003246070,64),
(1003246070,142),
(1003246070,143),
(1003246070,144),
(1003246073,17),
(1003246073,18),
(1003246073,20),
(1003246073,46),
(1003246073,76),
(1003246076,18),
(1003246076,39),
(1003246076,54),
(1003246076,83),
(1003246076,84),
(1003246076,85),
(1003246076,86),
(1003246081,1),
(1003246081,34),
(1003246081,47),
(1003246081,56),
(1003246081,80),
(1003246081,81),
(1003246081,82),
(1003246102,1),
(1003246102,2),
(1003246102,17),
(1003246102,18),
(1003246102,46),
(1003246102,66),
(1003246102,207),
(1003246102,208),
(1003246102,209),
(1003248174,1),
(1003248179,1),
(1003248179,22),
(1003248179,46),
(1003248179,47),
(1003248179,53),
(1003248179,54),
(1003248179,55),
(1003248179,56),
(1003248180,1),
(1003248180,22),
(1003248180,34),
(1003248180,35),
(1003248180,47),
(1003248180,53),
(1003248180,54),
(1003248180,55),
(1003248180,56),
(1003248292,34),
(1003249058,2),
(1003249058,19),
(1003249058,20),
(1003249058,66),
(1003249058,68),
(1003249058,90),
(1003249058,155),
(1003249058,174),
(1003249058,197),
(1003249058,222),
(1003250154,78),
(1003253259,1),
(1003253259,18),
(1003253259,22),
(1003253259,34),
(1003253259,35),
(1003253259,39),
(1003253259,46),
(1003253259,47),
(1003253259,83),
(1003253259,230),
(1003254123,19),
(1003254123,46),
(1003254123,59),
(1003254123,60),
(1003254123,87),
(1003254123,89),
(1003254123,228),
(1003254123,229),
(1003254361,226),
(1003254361,227),
(1003255010,8),
(1003255010,17),
(1003255479,19),
(1003255479,31),
(1003255479,88),
(1003255479,90),
(1003255479,224),
(1003255479,225),
(1003256631,109),
(1003256631,223),
(1003257151,1),
(1003257151,8),
(1003257151,19),
(1003257151,20),
(1003257151,24),
(1003257151,38),
(1003257151,59),
(1003257151,66),
(1003257151,183),
(1003257151,232),
(1003257151,233),
(1003257151,234),
(1003257415,1),
(1003257415,47),
(1003257415,231),
(1003258190,19),
(1003258190,34),
(1003258190,46),
(1003258190,56),
(1003259023,34),
(1003259023,35),
(1003259023,232),
(1003260087,17),
(1003260087,34),
(1003260087,35),
(1003260087,46),
(1003260087,241),
(1003260087,242),
(1003260087,243),
(1003260087,244),
(1003260087,245),
(1003260089,17),
(1003260089,34),
(1003260089,35),
(1003260089,46),
(1003260089,241),
(1003260089,242),
(1003260089,243),
(1003260089,244),
(1003260089,245),
(1003260093,17),
(1003260093,34),
(1003260093,35),
(1003260093,46),
(1003260093,241),
(1003260093,242),
(1003260093,243),
(1003260093,244),
(1003260093,245),
(1003260096,17),
(1003260096,34),
(1003260096,35),
(1003260096,46),
(1003260096,241),
(1003260096,242),
(1003260096,243),
(1003260096,244),
(1003260096,245),
(1003260568,1),
(1003260568,2),
(1003260568,8),
(1003260568,38),
(1003260568,79),
(1003260568,141),
(1003260568,240),
(1003260729,18),
(1003260729,20),
(1003260729,88),
(1003260729,198),
(1003260729,238),
(1003260729,239),
(1003261232,19),
(1003261232,20),
(1003261232,49),
(1003261232,50),
(1003261232,74),
(1003261232,87),
(1003261232,88),
(1003261232,198),
(1003261232,237),
(1003261772,20),
(1003261772,34),
(1003261772,35),
(1003261772,68),
(1003261772,235),
(1003261772,236),
(1003261776,34),
(1003262814,47),
(1003266012,34),
(1003266012,35),
(1003267541,1),
(1003267541,91),
(1003267541,110),
(1003267541,127),
(1003267541,153),
(1003267541,248),
(1003267541,249),
(1003267541,250),
(1003267541,251),
(1003267829,1),
(1003267829,8),
(1003267829,18),
(1003267841,19),
(1003267841,59),
(1003267841,60),
(1003267841,110),
(1003267851,17),
(1003267851,19),
(1003267851,46),
(1003267851,59),
(1003267851,60),
(1003267851,88),
(1003267851,90),
(1003267851,151),
(1003267851,152),
(1003267851,153),
(1003268115,38),
(1003268115,141),
(1003268115,188),
(1003268115,246),
(1003268115,247),
(1003269174,38),
(1003269174,188),
(1003269174,246),
(1003269174,247),
(1003269174,252),
(1003269393,8),
(1003269393,61),
(1003269393,110),
(1003270206,34),
(1003270206,35),
(1003271017,18),
(1003271017,19),
(1003271220,8),
(1003271220,18),
(1003271220,19),
(1003271220,119),
(1003271220,272),
(1003271444,1),
(1003271513,8),
(1003271813,87),
(1003271813,126),
(1003271813,268),
(1003273366,18),
(1003273366,19),
(1003273904,18),
(1003273904,19),
(1003273904,21),
(1003273904,34),
(1003273904,46),
(1003273904,87),
(1003273904,89),
(1003273904,233),
(1003273904,239),
(1003274304,1),
(1003274304,2),
(1003274304,18),
(1003274443,1),
(1003274474,71),
(1003274474,116),
(1003275501,1),
(1003275501,55),
(1003275511,1),
(1003275511,34),
(1003275511,47),
(1003275511,54),
(1003275511,56),
(1003275511,71),
(1003275511,81),
(1003275511,126),
(1003278379,255),
(1003278827,22),
(1003278827,47),
(1003278827,200),
(1003281271,8),
(1003281271,18),
(1003281347,17),
(1003281347,19),
(1003281347,48),
(1003281347,89),
(1003281347,104),
(1003283929,1),
(1003283929,110),
(1003283929,150),
(1003284321,24),
(1003284321,104),
(1003284321,112),
(1003284604,1),
(1003284604,2),
(1003284604,18),
(1003284604,19),
(1003284604,20),
(1003284604,46),
(1003284604,48),
(1003284604,50),
(1003284604,85),
(1003284604,88),
(1003284604,104),
(1003284604,256),
(1003284604,257),
(1003285421,1),
(1003285421,17),
(1003285421,18),
(1003285421,39),
(1003285421,46),
(1003285421,76),
(1003285421,84),
(1003285421,156),
(1003285421,187),
(1003285421,254),
(1003287219,269),
(1003287219,270),
(1003287219,271),
(1003287260,1),
(1003287260,2),
(1003288412,22),
(1003288412,47),
(1003288444,22),
(1003288444,47),
(1003288444,263),
(1003288444,264),
(1003288444,265),
(1003288444,266),
(1003288444,267),
(1003288445,260),
(1003288445,261),
(1003288445,262),
(1003288758,34),
(1003288758,88),
(1003289079,20),
(1003289079,68),
(1003289404,105),
(1003289404,253),
(1003290475,18),
(1003290475,20),
(1003290475,49),
(1003290475,50),
(1003290475,258),
(1003290684,1),
(1003290684,8),
(1003290684,19),
(1003290684,24),
(1003290684,46),
(1003290684,56),
(1003290684,59),
(1003290684,81),
(1003290684,87),
(1003290684,88),
(1003290684,181),
(1003290684,259),
(1003291252,34),
(1003291252,181),
(1003291617,18),
(1003291617,49),
(1003291617,168),
(1003291617,169),
(1003291617,170),
(1003292142,1),
(1003292142,34),
(1003292142,71),
(1003292142,73),
(1003292142,116),
(1003292835,1),
(1003292835,34),
(1003292835,71),
(1003292835,73),
(1003292835,116),
(1003293515,1),
(1003293515,34),
(1003293515,35),
(1003293515,47),
(1003293661,1),
(1003293661,22),
(1003293661,47),
(1003293661,56);
